year,type,money
2007,Basketball,42.56
2007,Basketball,42.86
2007,Basketball,43.2
2007,Basketball,44.38
2007,Basketball,44.67
2007,Basketball,44.98
2007,Basketball,45.02
2007,Basketball,45.1
2007,Basketball,45.18
2007,Basketball,45.23
2007,Basketball,45.89
2007,Basketball,45.91
2007,Basketball,46.02
2007,Basketball,46.03
2007,Basketball,46.39
2007,Basketball,46.58
2007,Basketball,46.61
2007,Basketball,46.62
2007,Basketball,46.71
2007,Basketball,46.95
2007,Basketball,47.1
2007,Basketball,47.12
2007,Basketball,47.55
2007,Basketball,47.61
2007,Basketball,47.62
2007,Basketball,47.94
2007,Basketball,47.98
2007,Basketball,48.33
2007,Basketball,48.44
2007,Basketball,48.47
2007,Basketball,48.75
2007,Basketball,48.92
2007,Basketball,49.01
2007,Basketball,49.12
2007,Basketball,49.13
2007,Basketball,49.66
2007,Basketball,49.73
2007,Basketball,49.84
2007,Basketball,49.94
2007,Basketball,50.12
2007,Basketball,50.15
2007,Basketball,50.15
2007,Basketball,50.16
2007,Basketball,50.55
2007,Basketball,50.58
2007,Basketball,51.1
2007,Basketball,51.2
2007,Basketball,51.47
2007,Basketball,51.91
2007,Basketball,51.97
2007,Basketball,52.16
2007,Basketball,52.19
2007,Basketball,52.22
2007,Basketball,52.83
2007,Basketball,52.95
2007,Basketball,53.04
2007,Basketball,53.06
2007,Basketball,53.49
2007,Basketball,53.63
2007,Basketball,53.71
2007,Basketball,53.8
2007,Basketball,53.81
2007,Basketball,53.84
2007,Basketball,53.88
2007,Basketball,54.05
2007,Basketball,54.17
2007,Basketball,54.23
2007,Basketball,54.32
2007,Basketball,54.38
2007,Basketball,54.65
2007,Basketball,54.73
2007,Basketball,54.81
2007,Basketball,54.94
2007,Basketball,54.95
2007,Basketball,54.98
2007,Basketball,54.98
2007,Basketball,54.99
2007,Basketball,55.06
2007,Basketball,55.13
2007,Basketball,55.42
2007,Basketball,55.65
2007,Basketball,55.68
2007,Basketball,55.71
2007,Basketball,55.83
2007,Basketball,55.95
2007,Basketball,55.99
2007,Basketball,56.03
2007,Basketball,56.06
2007,Basketball,56.17
2007,Basketball,56.29
2007,Basketball,56.49
2007,Basketball,56.69
2007,Basketball,56.83
2007,Basketball,56.91
2007,Basketball,56.98
2007,Basketball,56.98
2007,Basketball,56.99
2007,Basketball,56.99
2007,Basketball,57.02
2007,Basketball,57.1
2007,Basketball,57.1
2007,Basketball,57.23
2007,Basketball,57.42
2007,Basketball,57.54
2007,Basketball,57.6
2007,Basketball,57.63
2007,Basketball,57.74
2007,Basketball,57.76
2007,Basketball,57.77
2007,Basketball,57.95
2007,Basketball,57.97
2007,Basketball,58
2007,Basketball,58.02
2007,Basketball,58.06
2007,Basketball,58.31
2007,Basketball,58.34
2007,Basketball,58.45
2007,Basketball,58.66
2007,Basketball,58.72
2007,Basketball,58.84
2007,Basketball,58.91
2007,Basketball,58.99
2007,Basketball,59.03
2007,Basketball,59.47
2007,Basketball,59.54
2007,Basketball,59.6
2007,Basketball,59.63
2007,Basketball,59.66
2007,Basketball,59.76
2007,Basketball,59.78
2007,Basketball,59.88
2007,Basketball,59.96
2007,Basketball,60
2007,Basketball,60.19
2007,Basketball,60.26
2007,Basketball,60.3
2007,Basketball,60.4
2007,Basketball,60.41
2007,Basketball,60.48
2007,Basketball,60.49
2007,Basketball,60.75
2007,Basketball,60.81
2007,Basketball,60.87
2007,Basketball,60.88
2007,Basketball,60.97
2007,Basketball,61.07
2007,Basketball,61.13
2007,Basketball,61.25
2007,Basketball,61.28
2007,Basketball,61.29
2007,Basketball,61.29
2007,Basketball,61.4
2007,Basketball,61.51
2007,Basketball,61.56
2007,Basketball,61.68
2007,Basketball,61.8
2007,Basketball,62
2007,Basketball,62.03
2007,Basketball,62.14
2007,Basketball,62.17
2007,Basketball,62.23
2007,Basketball,62.27
2007,Basketball,62.3
2007,Basketball,62.39
2007,Basketball,62.51
2007,Basketball,62.61
2007,Basketball,62.7
2007,Basketball,62.98
2007,Basketball,63.06
2007,Basketball,63.27
2007,Basketball,63.28
2007,Basketball,63.34
2007,Basketball,63.45
2007,Basketball,63.6
2007,Basketball,63.75
2007,Basketball,63.88
2007,Basketball,63.98
2007,Basketball,64
2007,Basketball,64.1
2007,Basketball,64.21
2007,Basketball,64.22
2007,Basketball,64.25
2007,Basketball,64.31
2007,Basketball,64.48
2007,Basketball,64.78
2007,Basketball,64.95
2007,Basketball,64.98
2007,Basketball,65.09
2007,Basketball,65.09
2007,Basketball,65.14
2007,Basketball,65.21
2007,Basketball,65.27
2007,Basketball,65.44
2007,Basketball,65.53
2007,Basketball,65.6
2007,Basketball,65.61
2007,Basketball,65.62
2007,Basketball,65.67
2007,Basketball,65.7
2007,Basketball,65.83
2007,Basketball,65.9
2007,Basketball,65.96
2007,Basketball,66.09
2007,Basketball,66.14
2007,Basketball,66.2
2007,Basketball,66.3
2007,Basketball,66.32
2007,Basketball,66.38
2007,Basketball,66.4
2007,Basketball,66.51
2007,Basketball,66.6
2007,Basketball,66.61
2007,Basketball,66.71
2007,Basketball,66.8
2007,Basketball,66.91
2007,Basketball,67.12
2007,Basketball,67.17
2007,Basketball,67.23
2007,Basketball,67.25
2007,Basketball,67.46
2007,Basketball,67.51
2007,Basketball,67.56
2007,Basketball,67.62
2007,Basketball,67.62
2007,Basketball,67.63
2007,Basketball,67.64
2007,Basketball,67.76
2007,Basketball,68
2007,Basketball,68.05
2007,Basketball,68.31
2007,Basketball,68.44
2007,Basketball,68.47
2007,Basketball,68.52
2007,Basketball,68.57
2007,Basketball,68.61
2007,Basketball,68.71
2007,Basketball,68.72
2007,Basketball,68.77
2007,Basketball,68.79
2007,Basketball,68.82
2007,Basketball,68.84
2007,Basketball,68.85
2007,Basketball,68.91
2007,Basketball,68.97
2007,Basketball,69.05
2007,Basketball,69.1
2007,Basketball,69.2
2007,Basketball,69.31
2007,Basketball,69.64
2007,Basketball,69.74
2007,Basketball,69.8
2007,Basketball,69.92
2007,Basketball,69.98
2007,Basketball,69.98
2007,Basketball,70
2007,Basketball,70.01
2007,Basketball,70.1
2007,Basketball,70.13
2007,Basketball,70.18
2007,Basketball,70.3
2007,Basketball,70.34
2007,Basketball,70.48
2007,Basketball,70.7
2007,Basketball,70.75
2007,Basketball,70.77
2007,Basketball,70.84
2007,Basketball,70.85
2007,Basketball,70.92
2007,Basketball,70.93
2007,Basketball,70.99
2007,Basketball,71.12
2007,Basketball,71.14
2007,Basketball,71.15
2007,Basketball,71.16
2007,Basketball,71.33
2007,Basketball,71.37
2007,Basketball,71.41
2007,Basketball,71.52
2007,Basketball,71.59
2007,Basketball,71.96
2007,Basketball,72.03
2007,Basketball,72.06
2007,Basketball,72.14
2007,Basketball,72.44
2007,Basketball,72.48
2007,Basketball,72.53
2007,Basketball,72.53
2007,Basketball,72.56
2007,Basketball,73.03
2007,Basketball,73.09
2007,Basketball,73.12
2007,Basketball,73.14
2007,Basketball,73.17
2007,Basketball,73.24
2007,Basketball,73.25
2007,Basketball,73.38
2007,Basketball,73.6
2007,Basketball,73.65
2007,Basketball,73.79
2007,Basketball,73.87
2007,Basketball,73.88
2007,Basketball,73.88
2007,Basketball,74
2007,Basketball,74.29
2007,Basketball,74.3
2007,Basketball,74.31
2007,Basketball,74.32
2007,Basketball,74.38
2007,Basketball,74.41
2007,Basketball,74.42
2007,Basketball,74.46
2007,Basketball,74.56
2007,Basketball,74.77
2007,Basketball,74.78
2007,Basketball,75.11
2007,Basketball,75.14
2007,Basketball,75.26
2007,Basketball,75.32
2007,Basketball,75.46
2007,Basketball,75.59
2007,Basketball,75.6
2007,Basketball,75.75
2007,Basketball,75.79
2007,Basketball,75.88
2007,Basketball,75.94
2007,Basketball,75.98
2007,Basketball,76.05
2007,Basketball,76.05
2007,Basketball,76.35
2007,Basketball,76.36
2007,Basketball,76.5
2007,Basketball,76.52
2007,Basketball,76.58
2007,Basketball,76.63
2007,Basketball,76.92
2007,Basketball,76.95
2007,Basketball,77.07
2007,Basketball,77.11
2007,Basketball,77.12
2007,Basketball,77.12
2007,Basketball,77.21
2007,Basketball,77.21
2007,Basketball,77.24
2007,Basketball,77.29
2007,Basketball,77.36
2007,Basketball,77.49
2007,Basketball,77.51
2007,Basketball,77.61
2007,Basketball,77.64
2007,Basketball,77.7
2007,Basketball,77.78
2007,Basketball,77.85
2007,Basketball,77.9
2007,Basketball,77.97
2007,Basketball,77.98
2007,Basketball,78.35
2007,Basketball,78.42
2007,Basketball,78.64
2007,Basketball,78.72
2007,Basketball,78.77
2007,Basketball,78.81
2007,Basketball,78.91
2007,Basketball,79.05
2007,Basketball,79.07
2007,Basketball,79.1
2007,Basketball,79.14
2007,Basketball,79.15
2007,Basketball,79.15
2007,Basketball,79.16
2007,Basketball,79.33
2007,Basketball,79.58
2007,Basketball,79.69
2007,Basketball,79.74
2007,Basketball,79.81
2007,Basketball,79.83
2007,Basketball,80
2007,Basketball,80.04
2007,Basketball,80.18
2007,Basketball,80.2
2007,Basketball,80.22
2007,Basketball,80.39
2007,Basketball,80.9
2007,Basketball,80.99
2007,Basketball,81.03
2007,Basketball,81.15
2007,Basketball,81.19
2007,Basketball,81.24
2007,Basketball,81.28
2007,Basketball,81.38
2007,Basketball,81.49
2007,Basketball,81.52
2007,Basketball,81.53
2007,Basketball,81.65
2007,Basketball,81.77
2007,Basketball,82.01
2007,Basketball,82.11
2007,Basketball,82.27
2007,Basketball,82.28
2007,Basketball,82.3
2007,Basketball,82.39
2007,Basketball,82.46
2007,Basketball,82.47
2007,Basketball,82.5
2007,Basketball,82.59
2007,Basketball,82.68
2007,Basketball,82.68
2007,Basketball,82.69
2007,Basketball,82.75
2007,Basketball,82.81
2007,Basketball,82.98
2007,Basketball,83.12
2007,Basketball,83.13
2007,Basketball,83.22
2007,Basketball,83.51
2007,Basketball,83.52
2007,Basketball,83.52
2007,Basketball,83.55
2007,Basketball,83.65
2007,Basketball,83.85
2007,Basketball,83.92
2007,Basketball,83.99
2007,Basketball,84
2007,Basketball,84.1
2007,Basketball,84.2
2007,Basketball,84.41
2007,Basketball,84.41
2007,Basketball,84.65
2007,Basketball,84.77
2007,Basketball,84.91
2007,Basketball,84.99
2007,Basketball,85.17
2007,Basketball,85.31
2007,Basketball,85.39
2007,Basketball,85.54
2007,Basketball,85.62
2007,Basketball,85.72
2007,Basketball,85.93
2007,Basketball,86.07
2007,Basketball,86.07
2007,Basketball,86.11
2007,Basketball,86.16
2007,Basketball,86.22
2007,Basketball,86.29
2007,Basketball,86.49
2007,Basketball,86.93
2007,Basketball,86.97
2007,Basketball,87.04
2007,Basketball,87.19
2007,Basketball,87.21
2007,Basketball,87.26
2007,Basketball,87.27
2007,Basketball,87.48
2007,Basketball,87.48
2007,Basketball,87.52
2007,Basketball,87.66
2007,Basketball,87.77
2007,Basketball,87.79
2007,Basketball,87.84
2007,Basketball,87.93
2007,Basketball,87.98
2007,Basketball,88.06
2007,Basketball,88.11
2007,Basketball,88.22
2007,Basketball,88.22
2007,Basketball,88.37
2007,Basketball,88.46
2007,Basketball,88.57
2007,Basketball,88.79
2007,Basketball,88.92
2007,Basketball,89.27
2007,Basketball,89.52
2007,Basketball,89.6
2007,Basketball,89.61
2007,Basketball,89.85
2007,Basketball,89.95
2007,Basketball,90.05
2007,Basketball,90.07
2007,Basketball,90.25
2007,Basketball,90.56
2007,Basketball,90.62
2007,Basketball,90.85
2007,Basketball,90.91
2007,Basketball,90.95
2007,Basketball,91.02
2007,Basketball,91.11
2007,Basketball,91.26
2007,Basketball,91.26
2007,Basketball,91.29
2007,Basketball,91.8
2007,Basketball,91.83
2007,Basketball,91.97
2007,Basketball,92.25
2007,Basketball,92.74
2007,Basketball,92.95
2007,Basketball,92.97
2007,Basketball,92.98
2007,Basketball,93.33
2007,Basketball,93.37
2007,Basketball,93.41
2007,Basketball,93.45
2007,Basketball,93.71
2007,Basketball,93.84
2007,Basketball,94.09
2007,Basketball,94.1
2007,Basketball,94.4
2007,Basketball,94.42
2007,Basketball,95.1
2007,Basketball,95.26
2007,Basketball,95.32
2007,Basketball,95.6
2007,Basketball,95.62
2007,Basketball,95.74
2007,Basketball,96.06
2007,Basketball,96.12
2007,Basketball,96.45
2007,Basketball,96.51
2007,Basketball,96.58
2007,Basketball,96.6
2007,Basketball,96.79
2007,Basketball,97.07
2007,Basketball,97.16
2007,Basketball,97.38
2007,Basketball,97.42
2007,Basketball,97.52
2007,Basketball,97.62
2007,Basketball,97.82
2007,Basketball,97.92
2007,Basketball,98.06
2007,Basketball,98.12
2007,Basketball,98.32
2007,Basketball,98.48
2007,Basketball,99.02
2007,Basketball,99.07
2007,Basketball,99.61
2007,Basketball,99.67
2007,Basketball,100.02
2007,Basketball,100.1
2007,Basketball,100.12
2007,Basketball,100.19
2007,Basketball,100.31
2007,Basketball,100.55
2007,Basketball,100.69
2007,Basketball,101.05
2007,Basketball,101.05
2007,Basketball,101.09
2007,Basketball,101.14
2007,Basketball,101.78
2007,Basketball,101.85
2007,Basketball,101.99
2007,Basketball,102.32
2007,Basketball,102.36
2007,Basketball,102.44
2007,Basketball,102.9
2007,Basketball,103.08
2007,Basketball,103.32
2007,Basketball,103.52
2007,Basketball,103.68
2007,Basketball,103.95
2007,Basketball,103.96
2007,Basketball,104.29
2007,Basketball,104.54
2007,Basketball,104.55
2007,Basketball,104.85
2007,Basketball,104.96
2007,Basketball,105.07
2007,Basketball,105.5
2007,Basketball,105.88
2007,Basketball,105.98
2007,Basketball,106.05
2007,Basketball,106.37
2007,Basketball,106.94
2007,Basketball,107.49
2007,Basketball,107.5
2007,Basketball,107.56
2007,Basketball,107.64
2007,Basketball,107.71
2007,Basketball,107.76
2007,Basketball,108.39
2007,Basketball,108.55
2007,Basketball,108.61
2007,Basketball,108.62
2007,Basketball,108.79
2007,Basketball,108.8
2007,Basketball,109.36
2007,Basketball,109.73
2007,Basketball,109.79
2007,Basketball,110.35
2007,Basketball,110.79
2007,Basketball,110.94
2007,Basketball,111.09
2007,Basketball,111.35
2007,Basketball,111.39
2007,Basketball,111.56
2007,Basketball,112.24
2007,Basketball,112.44
2007,Basketball,113.09
2007,Basketball,113.36
2007,Basketball,113.59
2007,Basketball,113.63
2007,Basketball,114.82
2007,Basketball,115.73
2007,Basketball,116.02
2007,Basketball,116.11
2007,Basketball,116.37
2007,Basketball,116.68
2007,Basketball,116.95
2007,Basketball,117
2007,Basketball,117.12
2007,Basketball,117.49
2007,Basketball,117.59
2007,Basketball,117.81
2007,Basketball,118.27
2007,Basketball,118.39
2007,Basketball,118.69
2007,Basketball,118.97
2007,Basketball,119.49
2007,Basketball,119.7
2007,Basketball,119.75
2007,Basketball,120.12
2007,Basketball,120.33
2007,Basketball,120.59
2007,Basketball,120.59
2007,Basketball,120.78
2007,Basketball,120.84
2007,Basketball,120.94
2007,Basketball,121.21
2007,Basketball,121.22
2007,Basketball,121.25
2007,Basketball,121.34
2007,Basketball,121.83
2007,Basketball,121.84
2007,Basketball,121.97
2007,Basketball,122.04
2007,Basketball,122.43
2007,Basketball,122.58
2007,Basketball,122.68
2007,Basketball,122.77
2007,Basketball,122.87
2007,Basketball,122.97
2007,Basketball,123.09
2007,Basketball,123.22
2007,Basketball,123.66
2007,Basketball,123.67
2007,Basketball,123.78
2007,Basketball,124.04
2007,Basketball,124.12
2007,Basketball,124.41
2007,Basketball,124.51
2007,Basketball,124.55
2007,Basketball,124.61
2007,Basketball,124.61
2007,Basketball,124.78
2007,Basketball,124.79
2007,Basketball,124.9
2007,Basketball,125.08
2007,Basketball,125.28
2007,Basketball,125.29
2007,Basketball,125.38
2007,Basketball,125.47
2007,Basketball,125.85
2007,Basketball,125.99
2007,Basketball,126.41
2007,Basketball,126.56
2007,Basketball,126.88
2007,Basketball,127.23
2007,Basketball,127.31
2007,Basketball,127.43
2007,Basketball,127.54
2007,Basketball,127.55
2007,Basketball,127.7
2007,Basketball,127.71
2007,Basketball,127.94
2007,Basketball,128.2
2007,Basketball,128.68
2007,Basketball,129.09
2007,Basketball,129.55
2007,Basketball,129.85
2007,Basketball,130.07
2007,Basketball,130.55
2007,Basketball,130.56
2007,Basketball,130.88
2007,Basketball,130.93
2007,Basketball,130.94
2007,Basketball,130.95
2007,Basketball,131.41
2007,Basketball,131.77
2007,Basketball,131.99
2007,Basketball,132.21
2007,Basketball,132.66
2007,Basketball,132.72
2007,Basketball,132.74
2007,Basketball,132.74
2007,Basketball,133.36
2007,Basketball,133.4
2007,Basketball,133.45
2007,Basketball,133.5
2007,Basketball,133.59
2007,Basketball,134.06
2007,Basketball,134.17
2007,Basketball,134.19
2007,Basketball,134.25
2007,Basketball,134.55
2007,Basketball,134.71
2007,Basketball,135.38
2007,Basketball,135.63
2007,Basketball,135.67
2007,Basketball,135.89
2007,Basketball,136.16
2007,Basketball,136.17
2007,Basketball,136.44
2007,Basketball,136.53
2007,Basketball,136.65
2007,Basketball,136.81
2007,Basketball,136.92
2007,Basketball,137.11
2007,Basketball,137.25
2007,Basketball,137.3
2007,Basketball,137.41
2007,Basketball,138.31
2007,Basketball,138.6
2007,Basketball,138.79
2007,Basketball,139.29
2007,Basketball,139.32
2007,Basketball,139.35
2007,Basketball,140.05
2007,Basketball,140.29
2007,Basketball,140.41
2007,Basketball,140.46
2007,Basketball,140.49
2007,Basketball,140.6
2007,Basketball,140.64
2007,Basketball,140.84
2007,Basketball,141.19
2007,Basketball,141.22
2007,Basketball,141.24
2007,Basketball,141.35
2007,Basketball,141.47
2007,Basketball,141.6
2007,Basketball,141.62
2007,Basketball,141.7
2007,Basketball,141.81
2007,Basketball,142.36
2007,Basketball,142.6
2007,Basketball,142.75
2007,Basketball,142.78
2007,Basketball,143.31
2007,Basketball,143.46
2007,Basketball,143.85
2007,Basketball,144.19
2007,Basketball,144.2
2007,Basketball,144.31
2007,Basketball,144.76
2007,Basketball,144.97
2007,Basketball,145.19
2007,Basketball,145.75
2007,Basketball,145.75
2007,Basketball,145.8
2007,Basketball,145.85
2007,Basketball,145.97
2007,Basketball,146.24
2007,Basketball,146.38
2007,Basketball,146.39
2007,Basketball,146.52
2007,Basketball,146.69
2007,Basketball,146.7
2007,Basketball,146.78
2007,Basketball,147.46
2007,Basketball,147.8
2007,Basketball,147.89
2007,Basketball,147.91
2007,Basketball,148.01
2007,Basketball,148.08
2007,Basketball,148.1
2007,Basketball,148.27
2007,Basketball,148.56
2007,Basketball,148.66
2007,Basketball,148.72
2007,Basketball,148.78
2007,Basketball,148.87
2007,Basketball,148.9
2007,Basketball,148.94
2007,Basketball,149.02
2007,Basketball,149.34
2007,Basketball,149.47
2007,Basketball,149.55
2007,Basketball,149.65
2007,Basketball,149.94
2007,Basketball,149.96
2007,Basketball,149.98
2007,Basketball,150
2007,Basketball,150.1
2007,Basketball,150.14
2007,Basketball,150.29
2007,Basketball,150.32
2007,Basketball,150.33
2007,Basketball,150.46
2007,Basketball,150.56
2007,Basketball,150.71
2007,Basketball,150.87
2007,Basketball,151.19
2007,Basketball,151.45
2007,Basketball,151.49
2007,Basketball,151.77
2007,Basketball,151.77
2007,Basketball,152.09
2007,Basketball,152.16
2007,Basketball,152.44
2007,Basketball,152.64
2007,Basketball,152.69
2007,Basketball,152.77
2007,Basketball,152.84
2007,Basketball,152.84
2007,Basketball,153.42
2007,Basketball,153.47
2007,Basketball,153.56
2007,Basketball,153.62
2007,Basketball,154.1
2007,Basketball,154.23
2007,Basketball,154.43
2007,Basketball,154.58
2007,Basketball,154.8
2007,Basketball,154.93
2007,Basketball,154.95
2007,Basketball,154.98
2007,Basketball,155.07
2007,Basketball,155.22
2007,Basketball,155.36
2007,Basketball,155.37
2007,Basketball,155.43
2007,Basketball,155.66
2007,Basketball,155.81
2007,Basketball,155.91
2007,Basketball,156.49
2007,Basketball,156.53
2007,Basketball,156.73
2007,Basketball,156.85
2007,Basketball,157.06
2007,Basketball,157.12
2007,Basketball,157.16
2007,Basketball,157.49
2007,Basketball,157.58
2007,Basketball,157.66
2007,Basketball,157.77
2007,Basketball,158.28
2007,Basketball,158.6
2007,Basketball,158.71
2007,Basketball,158.74
2007,Basketball,158.75
2007,Basketball,158.77
2007,Basketball,158.88
2007,Basketball,158.99
2007,Basketball,159.02
2007,Basketball,159.03
2007,Basketball,159.14
2007,Basketball,159.19
2007,Basketball,159.22
2007,Basketball,159.26
2007,Basketball,159.31
2007,Basketball,159.31
2007,Basketball,159.57
2007,Basketball,160.02
2007,Basketball,160.2
2007,Basketball,160.25
2007,Basketball,160.26
2007,Basketball,160.26
2007,Basketball,160.39
2007,Basketball,160.51
2007,Basketball,160.9
2007,Basketball,161.07
2007,Basketball,161.13
2007,Basketball,161.3
2007,Basketball,161.32
2007,Basketball,161.42
2007,Basketball,161.95
2007,Basketball,162.02
2007,Basketball,162.09
2007,Basketball,162.42
2007,Basketball,162.47
2007,Basketball,162.63
2007,Basketball,162.82
2007,Basketball,162.83
2007,Basketball,162.91
2007,Basketball,163.2
2007,Basketball,163.23
2007,Basketball,163.25
2007,Basketball,163.53
2007,Basketball,163.64
2007,Basketball,163.66
2007,Basketball,163.69
2007,Basketball,163.79
2007,Basketball,163.97
2007,Basketball,164
2007,Basketball,164.02
2007,Basketball,164.11
2007,Basketball,164.18
2007,Basketball,164.26
2007,Basketball,164.5
2007,Basketball,164.58
2007,Basketball,164.82
2007,Basketball,165.01
2007,Basketball,165.02
2007,Basketball,165.02
2007,Basketball,165.03
2007,Basketball,165.09
2007,Basketball,165.44
2007,Basketball,165.48
2007,Basketball,165.91
2007,Basketball,166.09
2007,Basketball,166.16
2007,Basketball,166.21
2007,Basketball,166.33
2007,Basketball,166.56
2007,Basketball,166.7
2007,Basketball,166.79
2007,Basketball,166.84
2007,Basketball,167.23
2007,Basketball,167.28
2007,Basketball,167.49
2007,Basketball,167.77
2007,Basketball,167.81
2007,Basketball,167.88
2007,Basketball,167.96
2007,Basketball,167.98
2007,Basketball,167.99
2007,Basketball,168.03
2007,Basketball,168.29
2007,Basketball,168.41
2007,Basketball,168.47
2007,Basketball,168.56
2007,Basketball,168.63
2007,Basketball,168.8
2007,Basketball,168.86
2007,Basketball,168.96
2007,Basketball,169.58
2007,Basketball,169.66
2007,Basketball,169.67
2007,Basketball,169.75
2007,Basketball,169.84
2007,Basketball,169.88
2007,Basketball,169.94
2007,Basketball,170.3
2007,Basketball,170.48
2007,Basketball,170.71
2007,Basketball,171.17
2007,Basketball,171.17
2007,Basketball,171.19
2007,Basketball,171.5
2007,Basketball,171.52
2007,Basketball,171.91
2007,Basketball,172.15
2007,Basketball,172.56
2007,Basketball,172.68
2007,Basketball,172.95
2007,Basketball,172.98
2007,Basketball,173.06
2007,Basketball,173.13
2007,Basketball,173.16
2007,Basketball,173.44
2007,Basketball,173.54
2007,Basketball,173.72
2007,Basketball,173.78
2007,Basketball,174.21
2007,Basketball,174.37
2007,Basketball,174.52
2007,Basketball,174.61
2007,Basketball,174.97
2007,Basketball,175.11
2007,Basketball,175.17
2007,Basketball,175.57
2007,Basketball,175.61
2007,Basketball,175.67
2007,Basketball,175.69
2007,Basketball,175.81
2007,Basketball,175.85
2007,Basketball,175.92
2007,Basketball,176.05
2007,Basketball,176.06
2007,Basketball,176.07
2007,Basketball,177.03
2007,Basketball,177.38
2007,Basketball,177.48
2007,Basketball,177.49
2007,Basketball,177.72
2007,Basketball,178.2
2007,Basketball,178.45
2007,Basketball,179.63
2007,Basketball,179.81
2007,Basketball,180.15
2007,Basketball,180.33
2007,Basketball,180.48
2007,Basketball,180.89
2007,Basketball,180.91
2007,Basketball,180.92
2007,Basketball,181.03
2007,Basketball,181.51
2007,Basketball,181.88
2007,Basketball,182.23
2007,Basketball,182.31
2007,Basketball,182.82
2007,Basketball,183.07
2007,Basketball,183.09
2007,Basketball,183.28
2007,Basketball,183.35
2007,Basketball,183.65
2007,Basketball,183.7
2007,Basketball,183.84
2007,Basketball,183.87
2007,Basketball,184.42
2007,Basketball,184.77
2007,Basketball,184.87
2007,Basketball,185.09
2007,Basketball,185.49
2007,Basketball,186.21
2007,Basketball,186.35
2007,Basketball,186.39
2007,Basketball,186.69
2007,Basketball,187.27
2007,Basketball,187.78
2007,Basketball,187.81
2007,Basketball,188.25
2007,Basketball,188.32
2007,Basketball,188.42
2007,Basketball,188.65
2007,Basketball,189.08
2007,Basketball,189.87
2007,Basketball,190.01
2007,Basketball,190.01
2007,Basketball,190.26
2007,Basketball,190.34
2007,Basketball,190.36
2007,Basketball,190.43
2007,Basketball,190.96
2007,Basketball,191.46
2007,Basketball,191.58
2007,Basketball,191.8
2007,Basketball,192.06
2007,Basketball,192.26
2007,Basketball,192.4
2007,Basketball,192.55
2007,Basketball,192.6
2007,Basketball,192.66
2007,Basketball,192.92
2007,Basketball,193.18
2007,Basketball,193.28
2007,Basketball,193.6
2007,Basketball,194.14
2007,Basketball,194.32
2007,Basketball,194.75
2007,Basketball,195.18
2007,Basketball,195.18
2007,Basketball,195.53
2007,Basketball,195.59
2007,Basketball,195.8
2007,Basketball,195.93
2007,Basketball,196
2007,Basketball,197
2007,Basketball,197.04
2007,Basketball,197.29
2007,Basketball,197.33
2007,Basketball,197.52
2007,Basketball,197.59
2007,Basketball,198.06
2007,Basketball,198.5
2007,Basketball,198.66
2007,Basketball,198.88
2007,Basketball,199.09
2007,Basketball,199.19
2007,Basketball,199.78
2007,Basketball,199.88
2007,Basketball,199.9
2007,Basketball,200.29
2007,Basketball,200.38
2007,Basketball,200.42
2007,Basketball,200.51
2007,Basketball,200.66
2007,Basketball,201.07
2007,Basketball,201.55
2007,Basketball,201.71
2007,Basketball,201.81
2007,Basketball,202
2007,Basketball,202.15
2007,Basketball,202.49
2007,Basketball,202.54
2007,Basketball,202.64
2007,Basketball,202.99
2007,Basketball,203.08
2007,Basketball,203.1
2007,Basketball,203.29
2007,Basketball,203.38
2007,Basketball,203.42
2007,Basketball,203.61
2007,Basketball,204.04
2007,Basketball,204.22
2007,Basketball,204.8
2007,Basketball,204.89
2007,Basketball,205.02
2007,Basketball,205.2
2007,Basketball,205.64
2007,Basketball,205.94
2007,Basketball,205.96
2007,Basketball,206.01
2007,Basketball,206.58
2007,Basketball,206.77
2007,Basketball,207.09
2007,Basketball,207.22
2007,Basketball,207.27
2007,Basketball,207.43
2007,Basketball,207.57
2007,Basketball,207.76
2007,Basketball,208
2007,Basketball,208.19
2007,Basketball,208.33
2007,Basketball,208.34
2007,Basketball,208.42
2007,Basketball,208.49
2007,Basketball,208.75
2007,Basketball,208.76
2007,Basketball,209.05
2007,Basketball,209.21
2007,Basketball,209.37
2007,Basketball,209.49
2007,Basketball,209.64
2007,Basketball,209.66
2007,Basketball,209.9
2007,Basketball,210.21
2007,Basketball,210.51
2007,Basketball,210.54
2007,Basketball,210.63
2007,Basketball,211.02
2007,Basketball,211.06
2007,Basketball,211.19
2007,Basketball,211.19
2007,Basketball,211.73
2007,Basketball,212.28
2007,Basketball,212.3
2007,Basketball,212.31
2007,Basketball,212.36
2007,Basketball,212.77
2007,Basketball,212.79
2007,Basketball,212.9
2007,Basketball,212.94
2007,Basketball,213.74
2007,Basketball,213.87
2007,Basketball,213.96
2007,Basketball,214.31
2007,Basketball,214.67
2007,Basketball,214.79
2007,Basketball,215.03
2007,Basketball,215.09
2007,Basketball,215.13
2007,Basketball,215.13
2007,Basketball,215.21
2007,Basketball,215.22
2007,Basketball,215.3
2007,Basketball,215.43
2007,Basketball,215.95
2007,Basketball,216.18
2007,Basketball,217.2
2007,Basketball,217.67
2007,Basketball,218.56
2007,Basketball,218.59
2007,Basketball,218.65
2007,Basketball,218.89
2007,Basketball,219.07
2007,Basketball,219.16
2007,Basketball,219.41
2007,Basketball,219.91
2007,Basketball,220.17
2007,Basketball,220.17
2007,Basketball,220.3
2007,Basketball,220.31
2007,Basketball,220.36
2007,Basketball,220.5
2007,Basketball,220.9
2007,Basketball,221.42
2007,Basketball,221.87
2007,Basketball,221.91
2007,Basketball,222.28
2007,Basketball,222.52
2007,Basketball,222.9
2007,Basketball,222.94
2007,Basketball,223.1
2007,Basketball,223.1
2007,Basketball,223.18
2007,Basketball,223.89
2007,Basketball,223.97
2007,Basketball,224.13
2007,Basketball,224.14
2007,Basketball,224.26
2007,Basketball,225.44
2007,Basketball,225.98
2007,Basketball,226.5
2007,Basketball,227.12
2007,Basketball,227.73
2007,Basketball,228.08
2007,Basketball,228.25
2007,Basketball,228.26
2007,Basketball,228.6
2007,Basketball,228.82
2007,Basketball,228.96
2007,Basketball,229.27
2007,Basketball,229.46
2007,Basketball,229.53
2007,Basketball,230.53
2007,Basketball,230.82
2007,Basketball,230.82
2007,Basketball,230.89
2007,Basketball,231.04
2007,Basketball,231.05
2007,Basketball,231.39
2007,Basketball,231.42
2007,Basketball,231.63
2007,Basketball,231.74
2007,Basketball,231.75
2007,Basketball,232.09
2007,Basketball,232.28
2007,Basketball,233.01
2007,Basketball,233.41
2007,Basketball,233.47
2007,Basketball,233.59
2007,Basketball,234.34
2007,Basketball,234.56
2007,Basketball,234.67
2007,Basketball,234.75
2007,Basketball,234.85
2007,Basketball,234.92
2007,Basketball,235.42
2007,Basketball,235.49
2007,Basketball,235.82
2007,Basketball,236.09
2007,Basketball,236.26
2007,Basketball,236.28
2007,Basketball,236.63
2007,Basketball,236.85
2007,Basketball,236.87
2007,Basketball,237.03
2007,Basketball,237.07
2007,Basketball,237.26
2007,Basketball,237.75
2007,Basketball,238.05
2007,Basketball,238.39
2007,Basketball,238.7
2007,Basketball,239.01
2007,Basketball,239.55
2007,Basketball,239.56
2007,Basketball,239.66
2007,Basketball,239.99
2007,Basketball,240.46
2007,Basketball,240.64
2007,Basketball,240.8
2007,Basketball,240.81
2007,Basketball,241.24
2007,Basketball,241.3
2007,Basketball,241.49
2007,Basketball,241.64
2007,Basketball,241.83
2007,Basketball,242.01
2007,Basketball,242.28
2007,Basketball,242.28
2007,Basketball,242.38
2007,Basketball,242.65
2007,Basketball,243.21
2007,Basketball,244.07
2007,Basketball,244.18
2007,Basketball,244.54
2007,Basketball,244.65
2007,Basketball,244.93
2007,Basketball,245.01
2007,Basketball,245.22
2007,Basketball,245.4
2007,Basketball,245.41
2007,Basketball,245.61
2007,Basketball,245.82
2007,Basketball,245.96
2007,Basketball,246.09
2007,Basketball,246.16
2007,Basketball,246.65
2007,Basketball,247.1
2007,Basketball,247.17
2007,Basketball,247.2
2007,Basketball,247.32
2007,Basketball,247.4
2007,Basketball,247.58
2007,Basketball,247.66
2007,Basketball,247.7
2007,Basketball,247.93
2007,Basketball,247.95
2007,Basketball,248.16
2007,Basketball,248.5
2007,Basketball,248.62
2007,Basketball,248.71
2007,Basketball,248.99
2007,Basketball,249.23
2007,Basketball,249.27
2007,Basketball,249.31
2007,Basketball,249.52
2007,Basketball,249.55
2007,Basketball,250.02
2007,Basketball,250.15
2007,Basketball,250.16
2007,Basketball,250.48
2007,Basketball,250.49
2007,Basketball,250.57
2007,Basketball,250.68
2007,Basketball,250.7
2007,Basketball,250.78
2007,Basketball,251.15
2007,Basketball,251.45
2007,Basketball,251.63
2007,Basketball,251.74
2007,Basketball,251.76
2007,Basketball,252.03
2007,Basketball,252.06
2007,Basketball,252.12
2007,Basketball,252.47
2007,Basketball,252.56
2007,Basketball,252.73
2007,Basketball,253.04
2007,Basketball,253.3
2007,Basketball,253.33
2007,Basketball,253.82
2007,Basketball,254.28
2007,Basketball,254.39
2007,Basketball,254.63
2007,Basketball,254.98
2007,Basketball,255.02
2007,Basketball,255.3
2007,Basketball,255.83
2007,Basketball,256.26
2007,Basketball,256.41
2007,Basketball,256.73
2007,Basketball,256.75
2007,Basketball,256.93
2007,Basketball,257.14
2007,Basketball,257.36
2007,Basketball,257.61
2007,Basketball,257.73
2007,Basketball,257.74
2007,Basketball,258.43
2007,Basketball,258.54
2007,Basketball,258.54
2007,Basketball,259.03
2007,Basketball,259.65
2007,Basketball,259.71
2007,Basketball,259.73
2007,Basketball,259.99
2007,Basketball,260.19
2007,Basketball,260.35
2007,Basketball,260.35
2007,Basketball,260.48
2007,Basketball,260.61
2007,Basketball,260.67
2007,Basketball,260.74
2007,Basketball,261.41
2007,Basketball,261.55
2007,Basketball,261.77
2007,Basketball,261.87
2007,Basketball,261.9
2007,Basketball,262.07
2007,Basketball,262.18
2007,Basketball,262.25
2007,Basketball,262.51
2007,Basketball,262.52
2007,Basketball,263.58
2007,Basketball,263.67
2007,Basketball,264.12
2007,Basketball,264.53
2007,Basketball,264.78
2007,Basketball,264.84
2007,Basketball,265.2
2007,Basketball,265.32
2007,Basketball,266.61
2007,Basketball,266.85
2007,Basketball,266.95
2007,Basketball,267.37
2007,Basketball,267.44
2007,Basketball,267.58
2007,Basketball,267.62
2007,Basketball,267.65
2007,Basketball,268.15
2007,Basketball,268.2
2007,Basketball,268.31
2007,Basketball,269.59
2007,Basketball,269.76
2007,Basketball,270.03
2007,Basketball,270.07
2007,Basketball,270.27
2007,Basketball,270.91
2007,Basketball,271.45
2007,Basketball,271.57
2007,Basketball,271.68
2007,Basketball,272.11
2007,Basketball,272.28
2007,Basketball,272.95
2007,Basketball,273.12
2007,Basketball,273.44
2007,Basketball,273.58
2007,Basketball,274.34
2007,Basketball,274.61
2007,Basketball,274.72
2007,Basketball,275.12
2007,Basketball,275.93
2007,Basketball,276.16
2007,Basketball,276.5
2007,Basketball,276.76
2007,Basketball,276.81
2007,Basketball,276.83
2007,Basketball,276.86
2007,Basketball,277.66
2007,Basketball,278.27
2007,Basketball,278.34
2007,Basketball,278.62
2007,Basketball,278.64
2007,Basketball,278.73
2007,Basketball,279.24
2007,Basketball,279.31
2007,Basketball,279.42
2007,Basketball,279.47
2007,Basketball,279.5
2007,Basketball,280.12
2007,Basketball,280.43
2007,Basketball,280.76
2007,Basketball,281.66
2007,Basketball,281.97
2007,Basketball,282.07
2007,Basketball,282.24
2007,Basketball,282.31
2007,Basketball,282.43
2007,Basketball,282.76
2007,Basketball,282.91
2007,Basketball,283.01
2007,Basketball,283.74
2007,Basketball,284.22
2007,Basketball,284.28
2007,Basketball,285.85
2007,Basketball,285.94
2007,Basketball,285.94
2007,Basketball,286.9
2007,Basketball,287.65
2007,Basketball,287.74
2007,Basketball,287.86
2007,Basketball,287.96
2007,Basketball,287.97
2007,Basketball,288.2
2007,Basketball,288.23
2007,Basketball,288.25
2007,Basketball,288.45
2007,Basketball,288.65
2007,Basketball,288.72
2007,Basketball,288.82
2007,Basketball,289.06
2007,Basketball,289.55
2007,Basketball,290.02
2007,Basketball,290.06
2007,Basketball,290.16
2007,Basketball,290.6
2007,Basketball,291.64
2007,Basketball,291.87
2007,Basketball,291.95
2007,Basketball,292.63
2007,Basketball,292.8
2007,Basketball,293.11
2007,Basketball,293.68
2007,Basketball,293.69
2007,Basketball,293.89
2007,Basketball,294.19
2007,Basketball,294.22
2007,Basketball,294.91
2007,Basketball,294.96
2007,Basketball,295.58
2007,Basketball,297.33
2007,Basketball,297.36
2007,Basketball,297.49
2007,Basketball,297.56
2007,Basketball,298.09
2007,Basketball,298.35
2007,Basketball,298.51
2007,Basketball,298.58
2007,Basketball,299.19
2007,Basketball,299.21
2007,Basketball,299.87
2007,Basketball,300.53
2007,Basketball,300.74
2007,Basketball,300.89
2007,Basketball,300.99
2007,Basketball,301.01
2007,Basketball,301.53
2007,Basketball,302.15
2007,Basketball,302.74
2007,Basketball,302.9
2007,Basketball,302.95
2007,Basketball,303.35
2007,Basketball,303.67
2007,Basketball,303.89
2007,Basketball,304.05
2007,Basketball,304.3
2007,Basketball,304.39
2007,Basketball,304.55
2007,Basketball,304.56
2007,Basketball,305.2
2007,Basketball,305.43
2007,Basketball,305.43
2007,Basketball,305.57
2007,Basketball,305.57
2007,Basketball,305.99
2007,Basketball,306.21
2007,Basketball,306.56
2007,Basketball,307.24
2007,Basketball,308.73
2007,Basketball,308.74
2007,Basketball,309.39
2007,Basketball,309.66
2007,Basketball,310.25
2007,Basketball,310.39
2007,Basketball,311.32
2007,Basketball,311.65
2007,Basketball,312.1
2007,Basketball,312.12
2007,Basketball,312.59
2007,Basketball,312.74
2007,Basketball,313.56
2007,Basketball,313.79
2007,Basketball,313.83
2007,Basketball,314.2
2007,Basketball,314.39
2007,Basketball,314.65
2007,Basketball,315.44
2007,Basketball,315.65
2007,Basketball,316.1
2007,Basketball,317.43
2007,Basketball,317.48
2007,Basketball,317.76
2007,Basketball,317.81
2007,Basketball,317.97
2007,Basketball,318.83
2007,Basketball,318.93
2007,Basketball,318.98
2007,Basketball,319.12
2007,Basketball,319.36
2007,Basketball,319.83
2007,Basketball,320.37
2007,Basketball,322.17
2007,Basketball,323.07
2007,Basketball,323.5
2007,Basketball,323.64
2007,Basketball,323.71
2007,Basketball,323.88
2007,Basketball,323.89
2007,Basketball,323.9
2007,Basketball,324.01
2007,Basketball,324.01
2007,Basketball,324.44
2007,Basketball,324.84
2007,Basketball,324.98
2007,Basketball,325.15
2007,Basketball,326.05
2007,Basketball,326.34
2007,Basketball,326.45
2007,Basketball,326.45
2007,Basketball,326.49
2007,Basketball,326.49
2007,Basketball,326.55
2007,Basketball,326.62
2007,Basketball,327.15
2007,Basketball,328.01
2007,Basketball,328.47
2007,Basketball,328.8
2007,Basketball,328.83
2007,Basketball,328.94
2007,Basketball,329.74
2007,Basketball,329.94
2007,Basketball,330.81
2007,Basketball,331.17
2007,Basketball,331.29
2007,Basketball,331.43
2007,Basketball,331.95
2007,Basketball,332.1
2007,Basketball,332.11
2007,Basketball,332.21
2007,Basketball,332.72
2007,Basketball,333.02
2007,Basketball,333.58
2007,Basketball,333.81
2007,Basketball,334.36
2007,Basketball,334.66
2007,Basketball,334.95
2007,Basketball,335.24
2007,Basketball,335.68
2007,Basketball,335.89
2007,Basketball,335.97
2007,Basketball,336.03
2007,Basketball,336.04
2007,Basketball,336.07
2007,Basketball,336.14
2007,Basketball,336.89
2007,Basketball,339.29
2007,Basketball,339.35
2007,Basketball,339.56
2007,Basketball,339.83
2007,Basketball,339.95
2007,Basketball,340.15
2007,Basketball,340.28
2007,Basketball,340.98
2007,Basketball,341.58
2007,Basketball,342.04
2007,Basketball,342.08
2007,Basketball,343.08
2007,Basketball,343.12
2007,Basketball,343.14
2007,Basketball,343.2
2007,Basketball,343.31
2007,Basketball,343.42
2007,Basketball,343.77
2007,Basketball,343.92
2007,Basketball,344.01
2007,Basketball,344.75
2007,Basketball,345.02
2007,Basketball,345.06
2007,Basketball,345.68
2007,Basketball,346.29
2007,Basketball,346.47
2007,Basketball,346.52
2007,Basketball,346.93
2007,Basketball,347.72
2007,Basketball,347.72
2007,Basketball,348.32
2007,Basketball,348.41
2007,Basketball,348.43
2007,Basketball,348.77
2007,Basketball,350.27
2007,Basketball,350.7
2007,Basketball,350.79
2007,Basketball,351
2007,Basketball,351.17
2007,Basketball,351.25
2007,Basketball,351.67
2007,Basketball,353.06
2007,Basketball,353.14
2007,Basketball,353.69
2007,Basketball,353.82
2007,Basketball,354.16
2007,Basketball,354.7
2007,Basketball,354.97
2007,Basketball,355.16
2007,Basketball,355.26
2007,Basketball,355.88
2007,Basketball,356.39
2007,Basketball,356.64
2007,Basketball,357.33
2007,Basketball,357.37
2007,Basketball,357.47
2007,Basketball,357.51
2007,Basketball,357.86
2007,Basketball,357.87
2007,Basketball,357.99
2007,Basketball,358.18
2007,Basketball,358.65
2007,Basketball,359.52
2007,Basketball,359.63
2007,Basketball,360.02
2007,Basketball,360.37
2007,Basketball,360.55
2007,Basketball,361.28
2007,Basketball,361.99
2007,Basketball,363.12
2007,Basketball,363.49
2007,Basketball,363.87
2007,Basketball,363.94
2007,Basketball,364.21
2007,Basketball,364.36
2007,Basketball,364.8
2007,Basketball,365.73
2007,Basketball,366.11
2007,Basketball,366.85
2007,Basketball,367.28
2007,Basketball,368.34
2007,Basketball,368.89
2007,Basketball,369.13
2007,Basketball,369.32
2007,Basketball,369.51
2007,Basketball,369.69
2007,Basketball,370.15
2007,Basketball,370.43
2007,Basketball,372.18
2007,Basketball,372.41
2007,Basketball,373.53
2007,Basketball,374.44
2007,Basketball,374.58
2007,Basketball,374.86
2007,Basketball,375.09
2007,Basketball,375.41
2007,Basketball,375.75
2007,Basketball,375.98
2007,Basketball,376.07
2007,Basketball,376.88
2007,Basketball,376.93
2007,Basketball,379.28
2007,Basketball,379.47
2007,Basketball,380.02
2007,Basketball,380.11
2007,Basketball,380.37
2007,Basketball,380.63
2007,Basketball,380.91
2007,Basketball,382.33
2007,Basketball,383.16
2007,Basketball,383.25
2007,Basketball,383.45
2007,Basketball,383.73
2007,Basketball,384.37
2007,Basketball,384.49
2007,Basketball,385.54
2007,Basketball,385.78
2007,Basketball,386.23
2007,Basketball,387.01
2007,Basketball,387.79
2007,Basketball,388.53
2007,Basketball,389.71
2007,Basketball,389.75
2007,Basketball,390.1
2007,Basketball,390.89
2007,Basketball,390.97
2007,Basketball,391.9
2007,Basketball,393.52
2007,Basketball,395.22
2007,Basketball,396.31
2007,Basketball,397.15
2007,Basketball,397.59
2007,Basketball,397.9
2007,Basketball,400.42
2007,Basketball,400.62
2007,Basketball,404.51
2007,Basketball,405.11
2007,Basketball,405.35
2007,Basketball,405.39
2007,Basketball,405.99
2007,Basketball,406.8
2007,Basketball,406.99
2007,Basketball,407.7
2007,Basketball,408.05
2007,Basketball,409.29
2007,Basketball,409.45
2007,Basketball,409.83
2007,Basketball,409.95
2007,Basketball,410.04
2007,Basketball,410.11
2007,Basketball,411.41
2007,Basketball,412.51
2007,Basketball,413.05
2007,Basketball,413.6
2007,Basketball,414.06
2007,Basketball,414.19
2007,Basketball,414.4
2007,Basketball,414.67
2007,Basketball,415.04
2007,Basketball,415.1
2007,Basketball,417.07
2007,Basketball,417.25
2007,Basketball,417.46
2007,Basketball,417.75
2007,Basketball,418.49
2007,Basketball,418.58
2007,Basketball,418.71
2007,Basketball,418.73
2007,Basketball,418.92
2007,Basketball,419.44
2007,Basketball,419.81
2007,Basketball,419.9
2007,Basketball,420.32
2007,Basketball,421.46
2007,Basketball,421.52
2007,Basketball,421.61
2007,Basketball,422.98
2007,Basketball,423.14
2007,Basketball,423.58
2007,Basketball,423.94
2007,Basketball,425.65
2007,Basketball,427.74
2007,Basketball,428.88
2007,Basketball,429.12
2007,Basketball,429.93
2007,Basketball,431.89
2007,Basketball,432.15
2007,Basketball,432.38
2007,Basketball,432.86
2007,Basketball,434.48
2007,Basketball,436.71
2007,Basketball,439.22
2007,Basketball,439.58
2007,Basketball,439.75
2007,Basketball,439.79
2007,Basketball,440.13
2007,Basketball,440.18
2007,Basketball,440.47
2007,Basketball,441.04
2007,Basketball,442.27
2007,Basketball,442.63
2007,Basketball,442.75
2007,Basketball,443.02
2007,Basketball,443.18
2007,Basketball,444.21
2007,Basketball,446.28
2007,Basketball,447.17
2007,Basketball,447.51
2007,Basketball,450.1
2007,Basketball,450.15
2007,Basketball,450.77
2007,Basketball,450.87
2007,Basketball,452.44
2007,Basketball,454.82
2007,Basketball,456.17
2007,Basketball,456.98
2007,Basketball,457.39
2007,Basketball,459.74
2007,Basketball,461.17
2007,Basketball,462.67
2007,Basketball,463.65
2007,Basketball,464.37
2007,Basketball,464.7
2007,Basketball,465.69
2007,Basketball,467.36
2007,Basketball,469.5
2007,Basketball,471.04
2007,Basketball,474.33
2007,Basketball,474.58
2007,Basketball,474.76
2007,Basketball,475.02
2007,Basketball,478.54
2007,Basketball,481.89
2007,Basketball,483.57
2007,Basketball,483.58
2007,Basketball,484.45
2007,Basketball,487.78
2007,Basketball,491.87
2007,Basketball,494.77
2007,Basketball,495.55
2007,Basketball,500.44
2007,Basketball,510.81
2007,Basketball,512.77
2007,Basketball,513.56
2007,Basketball,514.2
2007,Basketball,518
2007,Basketball,520.3
2007,Basketball,526.88
2007,Basketball,527.56
2007,Basketball,531.04
2007,Basketball,531.88
2007,Basketball,533.53
2007,Basketball,535.08
2007,Basketball,535.08
2007,Basketball,538.8
2007,Basketball,542.38
2007,Basketball,555.58
2007,Basketball,560.67
2007,Basketball,564.39
2007,Basketball,570.77
2007,Basketball,574.31
2007,Basketball,579.51
2007,Basketball,582.7
2007,Basketball,583.24
2007,Basketball,592.94
2007,Basketball,608.35
2007,Basketball,609.34
2007,Basketball,642.77
2007,Basketball,661.64
2007,Basketball,749.73
2007,Basketball,761.53
2008,Basketball,41.91
2008,Basketball,42.07
2008,Basketball,42.34
2008,Basketball,42.91
2008,Basketball,43.06
2008,Basketball,43.49
2008,Basketball,43.58
2008,Basketball,43.59
2008,Basketball,43.69
2008,Basketball,43.82
2008,Basketball,43.97
2008,Basketball,44.14
2008,Basketball,44.27
2008,Basketball,44.3
2008,Basketball,44.51
2008,Basketball,44.58
2008,Basketball,44.71
2008,Basketball,44.76
2008,Basketball,44.91
2008,Basketball,44.96
2008,Basketball,44.96
2008,Basketball,44.97
2008,Basketball,45.34
2008,Basketball,45.51
2008,Basketball,46.01
2008,Basketball,46.26
2008,Basketball,47.12
2008,Basketball,47.2
2008,Basketball,47.2
2008,Basketball,47.24
2008,Basketball,47.49
2008,Basketball,47.6
2008,Basketball,47.79
2008,Basketball,48.04
2008,Basketball,48.12
2008,Basketball,48.23
2008,Basketball,48.28
2008,Basketball,48.41
2008,Basketball,48.42
2008,Basketball,48.44
2008,Basketball,48.64
2008,Basketball,48.66
2008,Basketball,48.7
2008,Basketball,48.75
2008,Basketball,48.77
2008,Basketball,48.78
2008,Basketball,48.8
2008,Basketball,48.92
2008,Basketball,49.15
2008,Basketball,49.39
2008,Basketball,49.44
2008,Basketball,49.5
2008,Basketball,49.55
2008,Basketball,49.67
2008,Basketball,49.77
2008,Basketball,49.8
2008,Basketball,50.06
2008,Basketball,50.1
2008,Basketball,50.35
2008,Basketball,50.43
2008,Basketball,50.53
2008,Basketball,50.64
2008,Basketball,50.69
2008,Basketball,50.74
2008,Basketball,50.79
2008,Basketball,50.98
2008,Basketball,51
2008,Basketball,51
2008,Basketball,51.02
2008,Basketball,51.06
2008,Basketball,51.07
2008,Basketball,51.15
2008,Basketball,51.21
2008,Basketball,51.54
2008,Basketball,51.62
2008,Basketball,51.65
2008,Basketball,51.82
2008,Basketball,51.91
2008,Basketball,51.98
2008,Basketball,52.09
2008,Basketball,52.19
2008,Basketball,52.2
2008,Basketball,52.47
2008,Basketball,52.61
2008,Basketball,52.63
2008,Basketball,52.64
2008,Basketball,52.69
2008,Basketball,52.75
2008,Basketball,52.77
2008,Basketball,52.94
2008,Basketball,52.96
2008,Basketball,53.01
2008,Basketball,53.16
2008,Basketball,53.37
2008,Basketball,53.42
2008,Basketball,53.49
2008,Basketball,53.53
2008,Basketball,53.54
2008,Basketball,53.66
2008,Basketball,53.7
2008,Basketball,53.76
2008,Basketball,53.89
2008,Basketball,53.9
2008,Basketball,54
2008,Basketball,54.08
2008,Basketball,54.11
2008,Basketball,54.17
2008,Basketball,54.32
2008,Basketball,54.42
2008,Basketball,54.46
2008,Basketball,54.7
2008,Basketball,54.72
2008,Basketball,54.86
2008,Basketball,54.91
2008,Basketball,54.91
2008,Basketball,55.05
2008,Basketball,55.18
2008,Basketball,55.25
2008,Basketball,55.33
2008,Basketball,55.36
2008,Basketball,55.41
2008,Basketball,55.7
2008,Basketball,55.95
2008,Basketball,56.14
2008,Basketball,56.26
2008,Basketball,56.27
2008,Basketball,56.4
2008,Basketball,56.69
2008,Basketball,56.72
2008,Basketball,56.74
2008,Basketball,56.81
2008,Basketball,57.01
2008,Basketball,57.13
2008,Basketball,57.16
2008,Basketball,57.18
2008,Basketball,57.24
2008,Basketball,57.35
2008,Basketball,57.36
2008,Basketball,57.38
2008,Basketball,57.39
2008,Basketball,57.41
2008,Basketball,57.42
2008,Basketball,57.69
2008,Basketball,57.75
2008,Basketball,57.8
2008,Basketball,57.96
2008,Basketball,57.96
2008,Basketball,58.13
2008,Basketball,58.21
2008,Basketball,58.64
2008,Basketball,58.7
2008,Basketball,58.75
2008,Basketball,58.93
2008,Basketball,59.09
2008,Basketball,59.11
2008,Basketball,59.23
2008,Basketball,59.26
2008,Basketball,59.42
2008,Basketball,59.46
2008,Basketball,59.61
2008,Basketball,59.63
2008,Basketball,59.71
2008,Basketball,59.74
2008,Basketball,59.87
2008,Basketball,59.92
2008,Basketball,60.01
2008,Basketball,60.1
2008,Basketball,60.18
2008,Basketball,60.22
2008,Basketball,60.23
2008,Basketball,60.53
2008,Basketball,60.67
2008,Basketball,60.69
2008,Basketball,60.78
2008,Basketball,60.87
2008,Basketball,61.04
2008,Basketball,61.14
2008,Basketball,61.23
2008,Basketball,61.38
2008,Basketball,61.39
2008,Basketball,61.46
2008,Basketball,61.54
2008,Basketball,61.7
2008,Basketball,61.78
2008,Basketball,61.86
2008,Basketball,62
2008,Basketball,62.1
2008,Basketball,62.14
2008,Basketball,62.15
2008,Basketball,62.22
2008,Basketball,62.26
2008,Basketball,62.28
2008,Basketball,62.33
2008,Basketball,62.41
2008,Basketball,62.69
2008,Basketball,62.71
2008,Basketball,63.18
2008,Basketball,63.29
2008,Basketball,63.53
2008,Basketball,63.56
2008,Basketball,63.75
2008,Basketball,63.83
2008,Basketball,63.94
2008,Basketball,64.13
2008,Basketball,64.25
2008,Basketball,64.33
2008,Basketball,64.33
2008,Basketball,64.46
2008,Basketball,64.64
2008,Basketball,64.7
2008,Basketball,64.73
2008,Basketball,64.77
2008,Basketball,64.92
2008,Basketball,64.95
2008,Basketball,65.09
2008,Basketball,65.25
2008,Basketball,65.25
2008,Basketball,65.27
2008,Basketball,65.31
2008,Basketball,65.41
2008,Basketball,65.53
2008,Basketball,65.59
2008,Basketball,65.6
2008,Basketball,65.62
2008,Basketball,65.73
2008,Basketball,65.79
2008,Basketball,65.79
2008,Basketball,65.92
2008,Basketball,65.93
2008,Basketball,66.03
2008,Basketball,66.06
2008,Basketball,66.07
2008,Basketball,66.43
2008,Basketball,66.55
2008,Basketball,66.79
2008,Basketball,66.97
2008,Basketball,66.97
2008,Basketball,66.97
2008,Basketball,67.06
2008,Basketball,67.11
2008,Basketball,67.37
2008,Basketball,67.49
2008,Basketball,67.49
2008,Basketball,67.51
2008,Basketball,67.55
2008,Basketball,67.57
2008,Basketball,67.59
2008,Basketball,67.63
2008,Basketball,67.68
2008,Basketball,67.75
2008,Basketball,67.86
2008,Basketball,67.88
2008,Basketball,67.91
2008,Basketball,67.93
2008,Basketball,67.98
2008,Basketball,67.99
2008,Basketball,68.1
2008,Basketball,68.16
2008,Basketball,68.29
2008,Basketball,68.68
2008,Basketball,68.77
2008,Basketball,69.07
2008,Basketball,69.23
2008,Basketball,69.25
2008,Basketball,69.67
2008,Basketball,69.76
2008,Basketball,69.95
2008,Basketball,70
2008,Basketball,70.08
2008,Basketball,70.26
2008,Basketball,70.28
2008,Basketball,70.32
2008,Basketball,70.37
2008,Basketball,70.64
2008,Basketball,70.76
2008,Basketball,70.78
2008,Basketball,71.1
2008,Basketball,71.11
2008,Basketball,71.17
2008,Basketball,71.25
2008,Basketball,71.4
2008,Basketball,71.42
2008,Basketball,71.66
2008,Basketball,71.67
2008,Basketball,71.92
2008,Basketball,71.97
2008,Basketball,72.01
2008,Basketball,72.14
2008,Basketball,72.2
2008,Basketball,72.25
2008,Basketball,72.29
2008,Basketball,72.34
2008,Basketball,72.38
2008,Basketball,72.42
2008,Basketball,72.48
2008,Basketball,72.49
2008,Basketball,72.72
2008,Basketball,72.75
2008,Basketball,72.81
2008,Basketball,72.82
2008,Basketball,72.94
2008,Basketball,72.97
2008,Basketball,73
2008,Basketball,73.07
2008,Basketball,73.16
2008,Basketball,73.22
2008,Basketball,73.29
2008,Basketball,73.29
2008,Basketball,73.37
2008,Basketball,73.38
2008,Basketball,73.48
2008,Basketball,73.49
2008,Basketball,73.56
2008,Basketball,73.61
2008,Basketball,73.7
2008,Basketball,73.74
2008,Basketball,73.76
2008,Basketball,73.81
2008,Basketball,74.04
2008,Basketball,74.04
2008,Basketball,74.29
2008,Basketball,74.33
2008,Basketball,74.38
2008,Basketball,74.41
2008,Basketball,74.73
2008,Basketball,74.75
2008,Basketball,74.85
2008,Basketball,74.93
2008,Basketball,74.94
2008,Basketball,74.94
2008,Basketball,75.18
2008,Basketball,75.29
2008,Basketball,75.42
2008,Basketball,75.43
2008,Basketball,75.64
2008,Basketball,75.98
2008,Basketball,76.06
2008,Basketball,76.12
2008,Basketball,76.13
2008,Basketball,76.14
2008,Basketball,76.37
2008,Basketball,76.49
2008,Basketball,76.53
2008,Basketball,76.71
2008,Basketball,76.77
2008,Basketball,76.88
2008,Basketball,76.99
2008,Basketball,77.02
2008,Basketball,77.06
2008,Basketball,77.31
2008,Basketball,77.32
2008,Basketball,77.51
2008,Basketball,77.68
2008,Basketball,77.72
2008,Basketball,77.84
2008,Basketball,77.85
2008,Basketball,78.07
2008,Basketball,78.08
2008,Basketball,78.12
2008,Basketball,78.2
2008,Basketball,78.33
2008,Basketball,78.33
2008,Basketball,78.37
2008,Basketball,78.44
2008,Basketball,78.48
2008,Basketball,78.55
2008,Basketball,78.56
2008,Basketball,78.63
2008,Basketball,78.85
2008,Basketball,78.95
2008,Basketball,79.05
2008,Basketball,79.08
2008,Basketball,79.09
2008,Basketball,79.22
2008,Basketball,79.31
2008,Basketball,79.53
2008,Basketball,79.64
2008,Basketball,79.7
2008,Basketball,79.7
2008,Basketball,80.26
2008,Basketball,80.34
2008,Basketball,80.47
2008,Basketball,80.48
2008,Basketball,80.51
2008,Basketball,80.57
2008,Basketball,80.59
2008,Basketball,80.69
2008,Basketball,80.71
2008,Basketball,80.81
2008,Basketball,80.83
2008,Basketball,81.08
2008,Basketball,81.1
2008,Basketball,81.2
2008,Basketball,81.26
2008,Basketball,81.3
2008,Basketball,81.63
2008,Basketball,81.83
2008,Basketball,82.01
2008,Basketball,82.1
2008,Basketball,82.39
2008,Basketball,82.45
2008,Basketball,82.47
2008,Basketball,82.51
2008,Basketball,82.54
2008,Basketball,82.71
2008,Basketball,82.82
2008,Basketball,82.87
2008,Basketball,82.87
2008,Basketball,82.89
2008,Basketball,83.07
2008,Basketball,83.11
2008,Basketball,83.27
2008,Basketball,83.79
2008,Basketball,83.8
2008,Basketball,83.96
2008,Basketball,84.07
2008,Basketball,84.17
2008,Basketball,84.27
2008,Basketball,84.31
2008,Basketball,84.33
2008,Basketball,84.45
2008,Basketball,84.5
2008,Basketball,84.67
2008,Basketball,84.83
2008,Basketball,84.96
2008,Basketball,85.12
2008,Basketball,85.17
2008,Basketball,85.22
2008,Basketball,85.24
2008,Basketball,85.35
2008,Basketball,85.44
2008,Basketball,85.46
2008,Basketball,85.94
2008,Basketball,86.06
2008,Basketball,86.23
2008,Basketball,86.64
2008,Basketball,86.7
2008,Basketball,86.81
2008,Basketball,86.94
2008,Basketball,87.24
2008,Basketball,87.46
2008,Basketball,87.47
2008,Basketball,87.59
2008,Basketball,87.65
2008,Basketball,87.65
2008,Basketball,87.69
2008,Basketball,87.72
2008,Basketball,88.03
2008,Basketball,88.2
2008,Basketball,88.25
2008,Basketball,88.46
2008,Basketball,88.56
2008,Basketball,88.75
2008,Basketball,88.82
2008,Basketball,88.95
2008,Basketball,89.16
2008,Basketball,89.29
2008,Basketball,89.57
2008,Basketball,89.91
2008,Basketball,90.33
2008,Basketball,90.62
2008,Basketball,90.75
2008,Basketball,90.89
2008,Basketball,91.02
2008,Basketball,91.93
2008,Basketball,92.66
2008,Basketball,92.93
2008,Basketball,93.02
2008,Basketball,93.11
2008,Basketball,93.12
2008,Basketball,93.13
2008,Basketball,93.88
2008,Basketball,94.45
2008,Basketball,94.76
2008,Basketball,94.84
2008,Basketball,94.84
2008,Basketball,95.27
2008,Basketball,95.48
2008,Basketball,95.59
2008,Basketball,95.97
2008,Basketball,95.99
2008,Basketball,96.49
2008,Basketball,96.61
2008,Basketball,96.89
2008,Basketball,97.54
2008,Basketball,98.15
2008,Basketball,98.28
2008,Basketball,98.33
2008,Basketball,98.79
2008,Basketball,98.82
2008,Basketball,98.88
2008,Basketball,99.63
2008,Basketball,99.98
2008,Basketball,100.2
2008,Basketball,100.76
2008,Basketball,100.82
2008,Basketball,100.85
2008,Basketball,101.13
2008,Basketball,101.71
2008,Basketball,102.39
2008,Basketball,102.57
2008,Basketball,102.98
2008,Basketball,103.05
2008,Basketball,103.64
2008,Basketball,103.7
2008,Basketball,104.02
2008,Basketball,104.22
2008,Basketball,104.26
2008,Basketball,104.39
2008,Basketball,104.71
2008,Basketball,104.71
2008,Basketball,104.86
2008,Basketball,105.25
2008,Basketball,105.35
2008,Basketball,105.36
2008,Basketball,105.41
2008,Basketball,105.67
2008,Basketball,105.78
2008,Basketball,106.01
2008,Basketball,106.09
2008,Basketball,106.19
2008,Basketball,106.6
2008,Basketball,106.81
2008,Basketball,107.77
2008,Basketball,107.77
2008,Basketball,108.1
2008,Basketball,108.18
2008,Basketball,108.31
2008,Basketball,108.32
2008,Basketball,108.66
2008,Basketball,108.66
2008,Basketball,108.87
2008,Basketball,108.88
2008,Basketball,109.29
2008,Basketball,109.36
2008,Basketball,109.38
2008,Basketball,109.42
2008,Basketball,109.68
2008,Basketball,109.96
2008,Basketball,110.53
2008,Basketball,111.16
2008,Basketball,111.77
2008,Basketball,111.78
2008,Basketball,111.95
2008,Basketball,111.96
2008,Basketball,112.12
2008,Basketball,112.21
2008,Basketball,112.24
2008,Basketball,112.29
2008,Basketball,112.46
2008,Basketball,112.54
2008,Basketball,112.69
2008,Basketball,112.71
2008,Basketball,112.97
2008,Basketball,113.09
2008,Basketball,113.43
2008,Basketball,113.51
2008,Basketball,113.8
2008,Basketball,113.85
2008,Basketball,114.12
2008,Basketball,114.14
2008,Basketball,114.27
2008,Basketball,114.46
2008,Basketball,114.63
2008,Basketball,114.73
2008,Basketball,114.81
2008,Basketball,114.84
2008,Basketball,115.03
2008,Basketball,115.04
2008,Basketball,115.32
2008,Basketball,115.35
2008,Basketball,115.37
2008,Basketball,115.54
2008,Basketball,115.98
2008,Basketball,116.1
2008,Basketball,116.76
2008,Basketball,116.84
2008,Basketball,117.27
2008,Basketball,117.61
2008,Basketball,117.65
2008,Basketball,117.84
2008,Basketball,117.87
2008,Basketball,118.55
2008,Basketball,118.9
2008,Basketball,119.27
2008,Basketball,119.54
2008,Basketball,119.57
2008,Basketball,119.67
2008,Basketball,120.15
2008,Basketball,120.32
2008,Basketball,120.56
2008,Basketball,120.57
2008,Basketball,121.29
2008,Basketball,121.31
2008,Basketball,121.58
2008,Basketball,121.61
2008,Basketball,121.98
2008,Basketball,122.17
2008,Basketball,122.23
2008,Basketball,122.46
2008,Basketball,123.04
2008,Basketball,123.1
2008,Basketball,123.38
2008,Basketball,123.61
2008,Basketball,123.84
2008,Basketball,123.89
2008,Basketball,123.92
2008,Basketball,124.03
2008,Basketball,124.32
2008,Basketball,124.4
2008,Basketball,124.71
2008,Basketball,124.92
2008,Basketball,125.37
2008,Basketball,125.43
2008,Basketball,125.46
2008,Basketball,125.57
2008,Basketball,125.83
2008,Basketball,126.45
2008,Basketball,126.55
2008,Basketball,126.8
2008,Basketball,127.05
2008,Basketball,127.2
2008,Basketball,127.31
2008,Basketball,127.58
2008,Basketball,127.59
2008,Basketball,127.8
2008,Basketball,127.94
2008,Basketball,128.02
2008,Basketball,128.34
2008,Basketball,128.35
2008,Basketball,128.54
2008,Basketball,128.55
2008,Basketball,128.56
2008,Basketball,128.6
2008,Basketball,128.62
2008,Basketball,128.68
2008,Basketball,129.37
2008,Basketball,129.45
2008,Basketball,129.52
2008,Basketball,129.55
2008,Basketball,129.57
2008,Basketball,129.61
2008,Basketball,129.61
2008,Basketball,129.83
2008,Basketball,129.83
2008,Basketball,130.24
2008,Basketball,130.43
2008,Basketball,130.61
2008,Basketball,131.1
2008,Basketball,131.13
2008,Basketball,131.18
2008,Basketball,131.31
2008,Basketball,131.35
2008,Basketball,131.54
2008,Basketball,131.68
2008,Basketball,131.93
2008,Basketball,132.07
2008,Basketball,132.15
2008,Basketball,132.64
2008,Basketball,132.72
2008,Basketball,132.81
2008,Basketball,133.36
2008,Basketball,133.5
2008,Basketball,133.58
2008,Basketball,133.79
2008,Basketball,133.92
2008,Basketball,134.05
2008,Basketball,134.11
2008,Basketball,134.63
2008,Basketball,134.76
2008,Basketball,134.77
2008,Basketball,134.77
2008,Basketball,134.91
2008,Basketball,135.02
2008,Basketball,135.27
2008,Basketball,135.33
2008,Basketball,135.36
2008,Basketball,136.05
2008,Basketball,136.29
2008,Basketball,136.42
2008,Basketball,137.25
2008,Basketball,137.63
2008,Basketball,137.74
2008,Basketball,138.19
2008,Basketball,138.41
2008,Basketball,138.54
2008,Basketball,138.56
2008,Basketball,138.6
2008,Basketball,138.83
2008,Basketball,139.12
2008,Basketball,139.15
2008,Basketball,139.17
2008,Basketball,139.24
2008,Basketball,139.25
2008,Basketball,139.28
2008,Basketball,139.38
2008,Basketball,139.47
2008,Basketball,139.61
2008,Basketball,139.71
2008,Basketball,139.73
2008,Basketball,139.79
2008,Basketball,139.94
2008,Basketball,140.09
2008,Basketball,140.1
2008,Basketball,140.43
2008,Basketball,140.64
2008,Basketball,140.71
2008,Basketball,140.79
2008,Basketball,141.04
2008,Basketball,141.39
2008,Basketball,141.48
2008,Basketball,141.53
2008,Basketball,141.67
2008,Basketball,141.69
2008,Basketball,141.72
2008,Basketball,141.81
2008,Basketball,141.94
2008,Basketball,141.99
2008,Basketball,142.28
2008,Basketball,142.42
2008,Basketball,142.76
2008,Basketball,142.86
2008,Basketball,142.89
2008,Basketball,142.9
2008,Basketball,143.02
2008,Basketball,143.1
2008,Basketball,143.11
2008,Basketball,143.16
2008,Basketball,143.22
2008,Basketball,143.3
2008,Basketball,143.43
2008,Basketball,143.8
2008,Basketball,144.28
2008,Basketball,144.32
2008,Basketball,144.58
2008,Basketball,145.05
2008,Basketball,145.06
2008,Basketball,145.27
2008,Basketball,145.62
2008,Basketball,145.83
2008,Basketball,145.97
2008,Basketball,146.08
2008,Basketball,146.2
2008,Basketball,146.24
2008,Basketball,146.5
2008,Basketball,146.71
2008,Basketball,146.94
2008,Basketball,147.16
2008,Basketball,147.21
2008,Basketball,147.3
2008,Basketball,147.62
2008,Basketball,147.71
2008,Basketball,147.79
2008,Basketball,147.97
2008,Basketball,147.97
2008,Basketball,148.08
2008,Basketball,148.15
2008,Basketball,148.35
2008,Basketball,148.43
2008,Basketball,148.53
2008,Basketball,148.85
2008,Basketball,149.22
2008,Basketball,149.24
2008,Basketball,149.37
2008,Basketball,149.51
2008,Basketball,149.89
2008,Basketball,149.9
2008,Basketball,150.05
2008,Basketball,150.56
2008,Basketball,150.81
2008,Basketball,151
2008,Basketball,151.06
2008,Basketball,151.22
2008,Basketball,151.61
2008,Basketball,151.75
2008,Basketball,151.84
2008,Basketball,151.91
2008,Basketball,151.94
2008,Basketball,152.05
2008,Basketball,152.21
2008,Basketball,152.39
2008,Basketball,152.71
2008,Basketball,152.72
2008,Basketball,153.15
2008,Basketball,153.49
2008,Basketball,153.73
2008,Basketball,153.75
2008,Basketball,153.75
2008,Basketball,154.27
2008,Basketball,154.53
2008,Basketball,154.54
2008,Basketball,154.73
2008,Basketball,154.77
2008,Basketball,155.01
2008,Basketball,155.06
2008,Basketball,155.21
2008,Basketball,155.28
2008,Basketball,155.4
2008,Basketball,155.41
2008,Basketball,155.47
2008,Basketball,155.5
2008,Basketball,155.53
2008,Basketball,155.71
2008,Basketball,155.71
2008,Basketball,155.73
2008,Basketball,155.91
2008,Basketball,155.95
2008,Basketball,155.96
2008,Basketball,156.22
2008,Basketball,156.35
2008,Basketball,156.43
2008,Basketball,156.54
2008,Basketball,156.7
2008,Basketball,156.88
2008,Basketball,156.89
2008,Basketball,157.01
2008,Basketball,157.06
2008,Basketball,157.11
2008,Basketball,157.64
2008,Basketball,157.71
2008,Basketball,158.02
2008,Basketball,158.39
2008,Basketball,158.45
2008,Basketball,159.34
2008,Basketball,159.55
2008,Basketball,159.57
2008,Basketball,159.64
2008,Basketball,159.65
2008,Basketball,160.05
2008,Basketball,160.19
2008,Basketball,160.21
2008,Basketball,160.27
2008,Basketball,160.33
2008,Basketball,160.39
2008,Basketball,160.55
2008,Basketball,160.62
2008,Basketball,160.64
2008,Basketball,160.86
2008,Basketball,161.06
2008,Basketball,161.64
2008,Basketball,161.74
2008,Basketball,161.94
2008,Basketball,162.03
2008,Basketball,162.05
2008,Basketball,162.23
2008,Basketball,162.3
2008,Basketball,162.45
2008,Basketball,162.58
2008,Basketball,162.58
2008,Basketball,162.58
2008,Basketball,162.68
2008,Basketball,162.73
2008,Basketball,162.73
2008,Basketball,162.76
2008,Basketball,162.85
2008,Basketball,162.91
2008,Basketball,162.91
2008,Basketball,162.93
2008,Basketball,163.05
2008,Basketball,163.53
2008,Basketball,163.82
2008,Basketball,164.06
2008,Basketball,164.42
2008,Basketball,164.44
2008,Basketball,164.49
2008,Basketball,164.5
2008,Basketball,164.71
2008,Basketball,164.85
2008,Basketball,164.96
2008,Basketball,165.05
2008,Basketball,165.12
2008,Basketball,165.34
2008,Basketball,165.64
2008,Basketball,166.1
2008,Basketball,166.14
2008,Basketball,166.25
2008,Basketball,166.58
2008,Basketball,166.79
2008,Basketball,167.17
2008,Basketball,167.19
2008,Basketball,167.21
2008,Basketball,167.5
2008,Basketball,167.74
2008,Basketball,168.36
2008,Basketball,168.67
2008,Basketball,168.93
2008,Basketball,169.17
2008,Basketball,169.25
2008,Basketball,169.72
2008,Basketball,169.79
2008,Basketball,169.85
2008,Basketball,170
2008,Basketball,170.08
2008,Basketball,170.1
2008,Basketball,170.11
2008,Basketball,170.19
2008,Basketball,170.33
2008,Basketball,170.33
2008,Basketball,170.38
2008,Basketball,170.47
2008,Basketball,170.77
2008,Basketball,170.78
2008,Basketball,170.89
2008,Basketball,170.93
2008,Basketball,171.05
2008,Basketball,171.14
2008,Basketball,171.19
2008,Basketball,171.47
2008,Basketball,171.49
2008,Basketball,171.71
2008,Basketball,172
2008,Basketball,172.11
2008,Basketball,172.13
2008,Basketball,172.5
2008,Basketball,172.58
2008,Basketball,172.78
2008,Basketball,173.34
2008,Basketball,173.67
2008,Basketball,173.71
2008,Basketball,173.88
2008,Basketball,173.98
2008,Basketball,174.02
2008,Basketball,174.07
2008,Basketball,174.22
2008,Basketball,174.23
2008,Basketball,174.25
2008,Basketball,174.25
2008,Basketball,174.33
2008,Basketball,174.39
2008,Basketball,174.75
2008,Basketball,175.15
2008,Basketball,175.5
2008,Basketball,175.84
2008,Basketball,175.88
2008,Basketball,176.01
2008,Basketball,176.04
2008,Basketball,176.24
2008,Basketball,176.24
2008,Basketball,176.48
2008,Basketball,176.5
2008,Basketball,176.51
2008,Basketball,176.52
2008,Basketball,176.67
2008,Basketball,177.1
2008,Basketball,177.37
2008,Basketball,177.64
2008,Basketball,177.81
2008,Basketball,178.1
2008,Basketball,178.25
2008,Basketball,178.42
2008,Basketball,178.44
2008,Basketball,178.85
2008,Basketball,179.2
2008,Basketball,179.42
2008,Basketball,179.53
2008,Basketball,179.64
2008,Basketball,179.79
2008,Basketball,180.12
2008,Basketball,180.19
2008,Basketball,180.65
2008,Basketball,180.72
2008,Basketball,180.75
2008,Basketball,181.18
2008,Basketball,181.63
2008,Basketball,182.08
2008,Basketball,182.37
2008,Basketball,182.51
2008,Basketball,182.53
2008,Basketball,182.57
2008,Basketball,182.58
2008,Basketball,182.87
2008,Basketball,183
2008,Basketball,183.05
2008,Basketball,183.08
2008,Basketball,183.82
2008,Basketball,184.19
2008,Basketball,184.74
2008,Basketball,185.53
2008,Basketball,185.96
2008,Basketball,186.15
2008,Basketball,186.24
2008,Basketball,186.27
2008,Basketball,186.52
2008,Basketball,186.82
2008,Basketball,187.1
2008,Basketball,187.26
2008,Basketball,188.18
2008,Basketball,188.27
2008,Basketball,188.3
2008,Basketball,189.18
2008,Basketball,189.87
2008,Basketball,190.12
2008,Basketball,190.21
2008,Basketball,190.51
2008,Basketball,190.96
2008,Basketball,191.32
2008,Basketball,191.59
2008,Basketball,191.81
2008,Basketball,192.37
2008,Basketball,192.59
2008,Basketball,192.86
2008,Basketball,193.16
2008,Basketball,193.26
2008,Basketball,193.43
2008,Basketball,193.71
2008,Basketball,193.82
2008,Basketball,194.84
2008,Basketball,195.63
2008,Basketball,195.66
2008,Basketball,195.73
2008,Basketball,196.33
2008,Basketball,197.11
2008,Basketball,197.31
2008,Basketball,197.84
2008,Basketball,197.91
2008,Basketball,197.95
2008,Basketball,198.28
2008,Basketball,198.28
2008,Basketball,198.3
2008,Basketball,198.34
2008,Basketball,198.65
2008,Basketball,198.88
2008,Basketball,199.04
2008,Basketball,199.06
2008,Basketball,199.08
2008,Basketball,199.57
2008,Basketball,199.81
2008,Basketball,199.9
2008,Basketball,200.06
2008,Basketball,200.09
2008,Basketball,200.65
2008,Basketball,200.69
2008,Basketball,200.77
2008,Basketball,201.38
2008,Basketball,201.81
2008,Basketball,202.37
2008,Basketball,202.7
2008,Basketball,202.9
2008,Basketball,203.37
2008,Basketball,203.45
2008,Basketball,204.72
2008,Basketball,204.82
2008,Basketball,205.2
2008,Basketball,205.23
2008,Basketball,205.32
2008,Basketball,205.69
2008,Basketball,205.72
2008,Basketball,205.76
2008,Basketball,205.86
2008,Basketball,205.96
2008,Basketball,206.13
2008,Basketball,206.2
2008,Basketball,206.28
2008,Basketball,206.6
2008,Basketball,206.7
2008,Basketball,206.77
2008,Basketball,206.84
2008,Basketball,207.08
2008,Basketball,207.24
2008,Basketball,207.5
2008,Basketball,208.7
2008,Basketball,208.7
2008,Basketball,208.9
2008,Basketball,209.09
2008,Basketball,209.64
2008,Basketball,210.17
2008,Basketball,210.33
2008,Basketball,210.39
2008,Basketball,210.46
2008,Basketball,210.53
2008,Basketball,210.75
2008,Basketball,210.81
2008,Basketball,211.06
2008,Basketball,211.9
2008,Basketball,212.03
2008,Basketball,212.32
2008,Basketball,212.36
2008,Basketball,212.46
2008,Basketball,212.47
2008,Basketball,212.73
2008,Basketball,212.8
2008,Basketball,212.82
2008,Basketball,213.53
2008,Basketball,213.58
2008,Basketball,214.27
2008,Basketball,214.47
2008,Basketball,214.64
2008,Basketball,215.34
2008,Basketball,215.47
2008,Basketball,215.69
2008,Basketball,216
2008,Basketball,216.12
2008,Basketball,216.21
2008,Basketball,216.74
2008,Basketball,216.85
2008,Basketball,217.43
2008,Basketball,217.85
2008,Basketball,218.21
2008,Basketball,218.67
2008,Basketball,218.78
2008,Basketball,219.21
2008,Basketball,219.53
2008,Basketball,219.65
2008,Basketball,220.43
2008,Basketball,220.51
2008,Basketball,220.68
2008,Basketball,220.77
2008,Basketball,221.22
2008,Basketball,221.7
2008,Basketball,221.73
2008,Basketball,222.1
2008,Basketball,222.71
2008,Basketball,223.23
2008,Basketball,223.32
2008,Basketball,223.45
2008,Basketball,223.62
2008,Basketball,223.64
2008,Basketball,223.76
2008,Basketball,224.22
2008,Basketball,224.38
2008,Basketball,224.42
2008,Basketball,224.63
2008,Basketball,224.74
2008,Basketball,225.26
2008,Basketball,225.51
2008,Basketball,225.61
2008,Basketball,225.61
2008,Basketball,225.64
2008,Basketball,225.65
2008,Basketball,225.68
2008,Basketball,226.4
2008,Basketball,226.61
2008,Basketball,226.76
2008,Basketball,227.08
2008,Basketball,227.34
2008,Basketball,228.16
2008,Basketball,228.43
2008,Basketball,228.45
2008,Basketball,228.73
2008,Basketball,228.82
2008,Basketball,229.02
2008,Basketball,229.3
2008,Basketball,229.43
2008,Basketball,229.77
2008,Basketball,229.78
2008,Basketball,229.88
2008,Basketball,230.38
2008,Basketball,230.64
2008,Basketball,230.78
2008,Basketball,230.85
2008,Basketball,231.05
2008,Basketball,231.55
2008,Basketball,232.08
2008,Basketball,232.34
2008,Basketball,232.39
2008,Basketball,232.86
2008,Basketball,233.1
2008,Basketball,233.78
2008,Basketball,233.83
2008,Basketball,234
2008,Basketball,234.13
2008,Basketball,234.23
2008,Basketball,234.29
2008,Basketball,234.74
2008,Basketball,234.83
2008,Basketball,234.85
2008,Basketball,235.15
2008,Basketball,235.42
2008,Basketball,235.42
2008,Basketball,235.42
2008,Basketball,235.61
2008,Basketball,235.75
2008,Basketball,235.77
2008,Basketball,235.77
2008,Basketball,235.95
2008,Basketball,237.13
2008,Basketball,237.18
2008,Basketball,237.2
2008,Basketball,237.24
2008,Basketball,237.71
2008,Basketball,238.2
2008,Basketball,238.5
2008,Basketball,238.87
2008,Basketball,238.89
2008,Basketball,238.93
2008,Basketball,239.33
2008,Basketball,239.37
2008,Basketball,239.6
2008,Basketball,240.17
2008,Basketball,240.3
2008,Basketball,240.48
2008,Basketball,240.77
2008,Basketball,240.95
2008,Basketball,241.06
2008,Basketball,241.25
2008,Basketball,241.42
2008,Basketball,241.48
2008,Basketball,242.31
2008,Basketball,242.88
2008,Basketball,242.91
2008,Basketball,242.95
2008,Basketball,243.61
2008,Basketball,243.81
2008,Basketball,243.98
2008,Basketball,244
2008,Basketball,244.06
2008,Basketball,244.17
2008,Basketball,244.19
2008,Basketball,244.36
2008,Basketball,244.41
2008,Basketball,244.44
2008,Basketball,244.76
2008,Basketball,244.79
2008,Basketball,245.66
2008,Basketball,245.75
2008,Basketball,245.84
2008,Basketball,245.9
2008,Basketball,246.01
2008,Basketball,246.58
2008,Basketball,246.71
2008,Basketball,246.74
2008,Basketball,246.94
2008,Basketball,247.11
2008,Basketball,247.95
2008,Basketball,248.32
2008,Basketball,248.4
2008,Basketball,248.48
2008,Basketball,248.64
2008,Basketball,249.04
2008,Basketball,249.89
2008,Basketball,250.24
2008,Basketball,250.34
2008,Basketball,250.62
2008,Basketball,250.89
2008,Basketball,251.07
2008,Basketball,251.87
2008,Basketball,252.06
2008,Basketball,252.26
2008,Basketball,252.35
2008,Basketball,252.52
2008,Basketball,252.56
2008,Basketball,252.86
2008,Basketball,253.11
2008,Basketball,253.16
2008,Basketball,253.28
2008,Basketball,253.43
2008,Basketball,253.45
2008,Basketball,253.56
2008,Basketball,253.99
2008,Basketball,254.32
2008,Basketball,254.73
2008,Basketball,254.78
2008,Basketball,254.88
2008,Basketball,255.12
2008,Basketball,255.25
2008,Basketball,255.38
2008,Basketball,255.4
2008,Basketball,255.49
2008,Basketball,255.84
2008,Basketball,256.08
2008,Basketball,256.09
2008,Basketball,256.79
2008,Basketball,257.03
2008,Basketball,257.18
2008,Basketball,257.55
2008,Basketball,257.56
2008,Basketball,257.77
2008,Basketball,259.33
2008,Basketball,259.92
2008,Basketball,260.19
2008,Basketball,260.28
2008,Basketball,260.39
2008,Basketball,260.87
2008,Basketball,261.68
2008,Basketball,261.7
2008,Basketball,261.75
2008,Basketball,261.93
2008,Basketball,262.04
2008,Basketball,262.37
2008,Basketball,262.56
2008,Basketball,262.83
2008,Basketball,263.3
2008,Basketball,263.49
2008,Basketball,263.5
2008,Basketball,263.57
2008,Basketball,264.93
2008,Basketball,265.08
2008,Basketball,265.68
2008,Basketball,265.69
2008,Basketball,265.78
2008,Basketball,265.93
2008,Basketball,266.01
2008,Basketball,266.3
2008,Basketball,266.44
2008,Basketball,266.46
2008,Basketball,266.52
2008,Basketball,266.58
2008,Basketball,266.9
2008,Basketball,267.17
2008,Basketball,267.83
2008,Basketball,268.13
2008,Basketball,268.16
2008,Basketball,268.31
2008,Basketball,268.7
2008,Basketball,268.94
2008,Basketball,269.22
2008,Basketball,269.46
2008,Basketball,269.47
2008,Basketball,269.63
2008,Basketball,269.75
2008,Basketball,269.76
2008,Basketball,269.8
2008,Basketball,270.16
2008,Basketball,270.52
2008,Basketball,271.13
2008,Basketball,271.18
2008,Basketball,271.75
2008,Basketball,272
2008,Basketball,272.45
2008,Basketball,272.69
2008,Basketball,273.72
2008,Basketball,274.13
2008,Basketball,274.25
2008,Basketball,274.36
2008,Basketball,274.8
2008,Basketball,275.32
2008,Basketball,275.32
2008,Basketball,275.48
2008,Basketball,275.69
2008,Basketball,275.84
2008,Basketball,276.32
2008,Basketball,276.51
2008,Basketball,277.13
2008,Basketball,277.48
2008,Basketball,278.67
2008,Basketball,279.69
2008,Basketball,280.59
2008,Basketball,280.66
2008,Basketball,281.34
2008,Basketball,281.72
2008,Basketball,281.85
2008,Basketball,281.94
2008,Basketball,281.96
2008,Basketball,282.09
2008,Basketball,282.32
2008,Basketball,282.32
2008,Basketball,282.52
2008,Basketball,283.72
2008,Basketball,284.09
2008,Basketball,284.18
2008,Basketball,285.21
2008,Basketball,286.03
2008,Basketball,287.18
2008,Basketball,287.38
2008,Basketball,287.76
2008,Basketball,288.17
2008,Basketball,288.91
2008,Basketball,289.04
2008,Basketball,289.23
2008,Basketball,290.03
2008,Basketball,290.19
2008,Basketball,290.44
2008,Basketball,290.53
2008,Basketball,290.59
2008,Basketball,290.85
2008,Basketball,291.15
2008,Basketball,292.01
2008,Basketball,292.12
2008,Basketball,292.19
2008,Basketball,292.48
2008,Basketball,292.58
2008,Basketball,293.36
2008,Basketball,293.7
2008,Basketball,294.19
2008,Basketball,294.38
2008,Basketball,294.84
2008,Basketball,295.55
2008,Basketball,295.89
2008,Basketball,296.01
2008,Basketball,296.07
2008,Basketball,296.69
2008,Basketball,296.74
2008,Basketball,298.07
2008,Basketball,299.11
2008,Basketball,299.65
2008,Basketball,299.73
2008,Basketball,299.76
2008,Basketball,300.14
2008,Basketball,300.34
2008,Basketball,300.41
2008,Basketball,300.46
2008,Basketball,300.74
2008,Basketball,300.91
2008,Basketball,301.17
2008,Basketball,301.69
2008,Basketball,302.44
2008,Basketball,303.17
2008,Basketball,303.31
2008,Basketball,303.68
2008,Basketball,303.93
2008,Basketball,303.99
2008,Basketball,304.21
2008,Basketball,304.51
2008,Basketball,304.57
2008,Basketball,304.95
2008,Basketball,305.09
2008,Basketball,306.3
2008,Basketball,306.68
2008,Basketball,306.78
2008,Basketball,306.85
2008,Basketball,307.07
2008,Basketball,307.12
2008,Basketball,307.13
2008,Basketball,307.46
2008,Basketball,307.54
2008,Basketball,307.74
2008,Basketball,308.32
2008,Basketball,309.19
2008,Basketball,310.72
2008,Basketball,311.26
2008,Basketball,312.08
2008,Basketball,313.59
2008,Basketball,313.62
2008,Basketball,313.67
2008,Basketball,313.88
2008,Basketball,313.96
2008,Basketball,314.87
2008,Basketball,315.38
2008,Basketball,315.42
2008,Basketball,316.04
2008,Basketball,316.26
2008,Basketball,316.84
2008,Basketball,319.43
2008,Basketball,319.76
2008,Basketball,319.95
2008,Basketball,320.48
2008,Basketball,320.61
2008,Basketball,321.24
2008,Basketball,321.36
2008,Basketball,324.52
2008,Basketball,324.82
2008,Basketball,324.86
2008,Basketball,324.91
2008,Basketball,324.91
2008,Basketball,325.14
2008,Basketball,325.8
2008,Basketball,325.85
2008,Basketball,326.71
2008,Basketball,327.09
2008,Basketball,327.71
2008,Basketball,327.71
2008,Basketball,328.07
2008,Basketball,328.32
2008,Basketball,329.36
2008,Basketball,329.43
2008,Basketball,330.24
2008,Basketball,330.56
2008,Basketball,330.98
2008,Basketball,332.2
2008,Basketball,332.76
2008,Basketball,332.76
2008,Basketball,332.93
2008,Basketball,333.05
2008,Basketball,333.27
2008,Basketball,334.22
2008,Basketball,334.67
2008,Basketball,334.68
2008,Basketball,334.85
2008,Basketball,335.11
2008,Basketball,335.43
2008,Basketball,335.69
2008,Basketball,336.15
2008,Basketball,336.17
2008,Basketball,336.31
2008,Basketball,336.49
2008,Basketball,337.06
2008,Basketball,337.08
2008,Basketball,337.81
2008,Basketball,338.09
2008,Basketball,338.15
2008,Basketball,338.2
2008,Basketball,338.21
2008,Basketball,338.36
2008,Basketball,338.82
2008,Basketball,340.69
2008,Basketball,340.84
2008,Basketball,340.85
2008,Basketball,340.98
2008,Basketball,341.44
2008,Basketball,341.68
2008,Basketball,342.76
2008,Basketball,342.8
2008,Basketball,343.04
2008,Basketball,343.1
2008,Basketball,343.51
2008,Basketball,343.83
2008,Basketball,344.59
2008,Basketball,345
2008,Basketball,345.1
2008,Basketball,345.25
2008,Basketball,345.3
2008,Basketball,345.4
2008,Basketball,346.14
2008,Basketball,346.29
2008,Basketball,346.6
2008,Basketball,346.75
2008,Basketball,348.25
2008,Basketball,348.47
2008,Basketball,349.49
2008,Basketball,351.08
2008,Basketball,351.18
2008,Basketball,351.37
2008,Basketball,352.34
2008,Basketball,352.45
2008,Basketball,352.55
2008,Basketball,353.2
2008,Basketball,353.28
2008,Basketball,353.38
2008,Basketball,353.54
2008,Basketball,356.78
2008,Basketball,357.02
2008,Basketball,357.91
2008,Basketball,358.43
2008,Basketball,358.64
2008,Basketball,358.79
2008,Basketball,358.8
2008,Basketball,359.08
2008,Basketball,359.32
2008,Basketball,360.99
2008,Basketball,361.18
2008,Basketball,361.34
2008,Basketball,362.51
2008,Basketball,362.54
2008,Basketball,364.15
2008,Basketball,365.37
2008,Basketball,367.42
2008,Basketball,367.53
2008,Basketball,368.2
2008,Basketball,368.55
2008,Basketball,370.78
2008,Basketball,371.97
2008,Basketball,372.92
2008,Basketball,373.7
2008,Basketball,373.93
2008,Basketball,375.13
2008,Basketball,375.6
2008,Basketball,376.23
2008,Basketball,377.21
2008,Basketball,380.29
2008,Basketball,380.37
2008,Basketball,380.38
2008,Basketball,380.75
2008,Basketball,380.76
2008,Basketball,380.78
2008,Basketball,381.77
2008,Basketball,383.08
2008,Basketball,384.25
2008,Basketball,384.78
2008,Basketball,384.84
2008,Basketball,385.72
2008,Basketball,385.81
2008,Basketball,385.84
2008,Basketball,387.59
2008,Basketball,389.86
2008,Basketball,390.57
2008,Basketball,391.34
2008,Basketball,391.35
2008,Basketball,391.39
2008,Basketball,391.76
2008,Basketball,391.95
2008,Basketball,393.09
2008,Basketball,394.86
2008,Basketball,395.04
2008,Basketball,395.83
2008,Basketball,396.98
2008,Basketball,397.59
2008,Basketball,397.79
2008,Basketball,397.91
2008,Basketball,398.08
2008,Basketball,399.01
2008,Basketball,399.1
2008,Basketball,399.43
2008,Basketball,399.62
2008,Basketball,400.32
2008,Basketball,400.59
2008,Basketball,400.74
2008,Basketball,400.87
2008,Basketball,401.24
2008,Basketball,401.52
2008,Basketball,402.23
2008,Basketball,402.7
2008,Basketball,403.46
2008,Basketball,403.59
2008,Basketball,404.19
2008,Basketball,404.49
2008,Basketball,405.89
2008,Basketball,412.15
2008,Basketball,412.18
2008,Basketball,412.92
2008,Basketball,414.03
2008,Basketball,414.09
2008,Basketball,414.58
2008,Basketball,415.49
2008,Basketball,415.49
2008,Basketball,416.81
2008,Basketball,418.04
2008,Basketball,418.87
2008,Basketball,419.73
2008,Basketball,420.19
2008,Basketball,420.34
2008,Basketball,420.37
2008,Basketball,420.71
2008,Basketball,421.38
2008,Basketball,421.59
2008,Basketball,421.72
2008,Basketball,421.89
2008,Basketball,423.7
2008,Basketball,424.35
2008,Basketball,426
2008,Basketball,428.45
2008,Basketball,429.26
2008,Basketball,429.95
2008,Basketball,431.62
2008,Basketball,431.62
2008,Basketball,431.64
2008,Basketball,431.67
2008,Basketball,432.49
2008,Basketball,432.96
2008,Basketball,433.59
2008,Basketball,436.12
2008,Basketball,438.4
2008,Basketball,438.95
2008,Basketball,439.89
2008,Basketball,441.82
2008,Basketball,443.59
2008,Basketball,445.15
2008,Basketball,445.18
2008,Basketball,446.48
2008,Basketball,446.64
2008,Basketball,447.15
2008,Basketball,448.44
2008,Basketball,448.76
2008,Basketball,449.85
2008,Basketball,450.04
2008,Basketball,451.34
2008,Basketball,452.23
2008,Basketball,452.53
2008,Basketball,452.91
2008,Basketball,454.08
2008,Basketball,454.8
2008,Basketball,459.07
2008,Basketball,462.01
2008,Basketball,462.06
2008,Basketball,463.51
2008,Basketball,465.07
2008,Basketball,466.52
2008,Basketball,468.55
2008,Basketball,468.74
2008,Basketball,481.87
2008,Basketball,482.39
2008,Basketball,482.8
2008,Basketball,484.51
2008,Basketball,484.57
2008,Basketball,494.26
2008,Basketball,494.55
2008,Basketball,495.13
2008,Basketball,498.14
2008,Basketball,499.32
2008,Basketball,505.69
2008,Basketball,516.86
2008,Basketball,519.42
2008,Basketball,525.15
2008,Basketball,531.95
2008,Basketball,536.32
2008,Basketball,539.84
2008,Basketball,550.98
2008,Basketball,565.06